,All Ages,0,1,2,3,4,5,6,7,8,9,10,11,12,13,14,15,16,17,18,19,20,21,22,23,24,25,26,27,28,29,30,31,32,33,34,35,36,37,38,39,40,41,42,43,44,45,46,47,48,49,50,51,52,53,54,55,56,57,58,59,60,61,62,63,64,65,66,67,68,69,70,71,72,73,74,75,76,77,78,79,80,81,82,83,84,85,86,87,88,89,90+
1,"5,180,200","68,529","66,723","64,065","59,568","59,023","64,515","65,573","67,271","72,378","77,976","82,869","83,412","86,712","89,021","90,698","90,123","95,046","93,304","91,049","89,792","88,089","85,924","83,708","80,419","77,292","75,098","71,809","71,213","69,830","67,367","69,188","69,696","72,145","75,327","82,045","63,553","61,031","63,508","62,713","59,363","56,522","59,017","59,183","59,298","58,722","58,455","57,950","57,355","57,279","59,525","59,467","59,515","58,999","58,128","58,560","59,963","58,221","58,814","57,429","60,553","61,311","64,003","45,418","43,456","46,233","48,487","51,641","51,075","49,422","47,527","45,879","44,713","42,957","40,632","37,213","35,356","32,585","29,923","26,976","24,272","21,877","19,381","15,848","13,647","11,778","10,157","8,229","6,795","5,579","4,339","13,571"
1,"5,164,540","66,594","68,063","66,389","63,810","59,442","58,911","64,300","65,387","66,999","72,148","77,717","82,520","83,153","86,426","88,776","90,423","89,487","94,327","92,692","90,580","89,395","87,296","85,086","82,347","79,203","76,278","74,424","71,219","70,770","69,262","66,987","68,837","69,352","71,730","74,974","81,653","63,168","60,794","63,214","62,465","59,075","56,276","58,694","58,948","59,053","58,404","58,137","57,642","57,019","56,894","59,093","59,068","59,047","58,469","57,597","57,989","59,296","57,503","57,994","56,588","59,640","60,225","62,807","44,430","42,461","45,106","47,197","50,124","49,390","47,598","45,628","43,955","42,615","40,713","38,424","34,988","33,011","30,254","27,607","24,737","22,020","19,682","17,295","13,930","11,934","10,173","8,634","6,863","5,547","4,459","13,709"
1,"5,148,120","65,110","66,015","67,723","66,026","63,633","59,327","58,774","64,236","65,167","66,811","72,062","77,516","82,323","82,872","86,161","88,452","89,861","88,696","93,389","91,830","90,201","88,691","86,458","83,781","81,138","78,329","75,359","73,992","70,460","70,178","68,752","66,618","68,326","68,902","71,358","74,510","81,315","62,819","60,540","62,905","62,217","58,759","56,033","58,432","58,773","58,766","58,179","57,777","57,303","56,710","56,483","58,659","58,654","58,506","57,934","57,004","57,320","58,518","56,768","57,088","55,652","58,655","59,089","61,567","43,354","41,351","43,875","45,825","48,538","47,677","45,800","43,712","41,963","40,488","38,513","36,170","32,724","30,693","27,984","25,451","22,570","19,909","17,656","15,411","12,186","10,391","8,719","7,320","5,703","4,482","14,193"
1,"5,138,880","63,669","64,796","65,713","67,520","65,844","63,560","59,244","58,710","64,015","65,132","66,682","71,908","77,315","82,096","82,641","85,948","88,037","89,271","87,947","92,833","91,716","89,786","87,896","85,461","82,889","80,504","77,700","75,097","73,600","70,288","69,724","68,558","66,200","68,049","68,648","71,241","74,219","81,071","62,594","60,375","62,783","61,966","58,548","55,820","58,243","58,523","58,625","57,918","57,500","57,001","56,403","56,147","58,250","58,248","58,029","57,456","56,379","56,680","57,795","56,046","56,228","54,774","57,638","57,878","60,346","42,355","40,272","42,601","44,462","46,910","45,916","43,998","41,767","39,976","38,431","36,336","33,935","30,471","28,498","25,762","23,254","20,556","17,954","15,793","13,640","10,583","8,952","7,397","6,137","4,646","14,557"
1,"5,127,890","65,438","63,134","64,249","65,278","67,156","65,600","63,454","59,144","58,494","63,864","64,990","66,543","71,744","77,109","81,871","82,412","85,483","87,416","88,367","87,105","92,372","90,833","88,592","86,356","84,378","81,926","79,713","77,173","74,715","73,134","69,964","69,443","68,356","65,903","67,868","68,494","71,050","74,034","80,898","62,476","60,304","62,631","61,811","58,385","55,640","57,923","58,338","58,447","57,645","57,273","56,695","56,111","55,823","57,828","57,868","57,541","56,922","55,709","56,040","57,083","55,246","55,307","53,844","56,577","56,612","59,040","41,197","39,097","41,334","43,025","45,150","44,047","42,051","39,715","37,872","36,291","34,135","31,720","28,321","26,341","23,608","21,144","18,555","16,069","14,023","11,979","9,111","7,659","6,221","5,055","14,998"
1,"5,111,760","66,348","65,086","62,805","63,935","65,153","66,892","65,444","63,277","59,038","58,389","63,646","64,759","66,339","71,524","76,886","81,597","82,063","84,911","86,589","87,766","86,913","91,525","89,495","87,005","85,028","83,437","80,979","79,160","76,651","74,089","72,528","69,529","69,028","67,909","65,424","67,560","68,075","70,744","73,663","80,508","62,230","60,022","62,381","61,656","58,146","55,332","57,679","58,052","58,078","57,339","56,917","56,329","55,696","55,375","57,308","57,376","57,001","56,191","55,000","55,222","56,246","54,411","54,295","52,778","55,431","55,252","57,576","39,912","37,870","39,903","41,390","43,287","42,055","40,016","37,600","35,639","34,009","31,794","29,334","25,985","24,106","21,367","19,010","16,531","14,141","12,220","10,325","7,644","6,343","5,056","15,207"
1,"5,099,020","65,484","66,002","64,641","62,379","63,646","64,868","66,617","65,203","63,152","58,905","58,332","63,516","64,520","66,182","71,278","76,667","81,368","81,509","84,281","86,073","87,485","86,193","90,183","87,764","85,438","83,681","82,518","80,263","78,360","75,873","73,441","72,088","69,089","68,615","67,387","65,043","67,195","67,791","70,414","73,376","80,203","62,010","59,806","62,110","61,425","57,882","55,127","57,440","57,778","57,772","57,036","56,593","55,996","55,261","54,943","56,797","56,840","56,386","55,606","54,344","54,554","55,495","53,556","53,270","51,704","54,240","53,910","56,139","38,691","36,691","38,529","39,808","41,493","40,143","38,025","35,586","33,574","31,842","29,558","27,128","23,867","22,051","19,387","17,137","14,749","12,455","10,663","8,923","6,403","5,247","16,027"
1,"5,077,440","66,230","64,784","65,477","64,038","61,931","63,255","64,548","66,336","64,896","63,007","58,762","58,256","63,247","64,294","65,948","71,031","76,260","80,620","80,589","83,483","85,540","86,335","84,394","87,589","85,585","83,452","81,902","81,246","79,201","77,310","74,935","72,679","71,521","68,532","68,051","66,927","64,624","66,763","67,479","70,002","73,009","79,821","61,726","59,500","61,896","60,999","57,571","54,822","57,115","57,480","57,419","56,702","56,263","55,627","54,853","54,478","56,350","56,304","55,792","54,978","53,644","53,804","54,673","52,725","52,259","50,623","52,984","52,441","54,510","37,416","35,449","37,114","38,194","39,609","38,173","35,989","33,505","31,535","29,713","27,399","24,938","21,810","19,997","17,383","15,208","12,991","10,835","9,234","7,512","5,309","16,700"
1,"5,078,190","64,188","66,224","64,930","65,598","64,121","62,004","63,368","64,720","66,508","65,053","63,156","58,990","58,372","63,270","64,324","65,953","70,858","75,722","79,867","79,997","82,961","84,756","85,056","82,532","85,688","84,220","82,393","81,449","80,813","78,871","76,978","74,695","72,662","71,372","68,391","68,085","66,900","64,602","66,745","67,406","69,976","73,019","79,858","61,764","59,485","61,784","60,880","57,503","54,714","57,014","57,310","57,215","56,529","56,064","55,445","54,605","54,122","55,970","55,887","55,364","54,468","53,136","53,141","53,877","51,916","51,287","49,667","51,744","51,178","52,899","36,234","34,259","35,713","36,633","37,760","36,248","34,028","31,404","29,476","27,689","25,294","22,810","19,748","17,926","15,502","13,458","11,386","9,398","7,917","6,301","17,387"
1,"5,081,270","63,621","64,078","66,319","65,076","65,722","64,255","62,159","63,533","64,867","66,696","65,309","63,310","59,195","58,503","63,265","64,380","65,768","70,496","75,178","80,045","80,330","82,746","84,003","83,850","81,658","84,864","83,774","82,131","81,333","80,853","79,003","77,074","74,815","72,691","71,477","68,572","68,141","66,990","64,642","66,781","67,413","70,026","73,089","79,769","61,764","59,363","61,693","60,701","57,316","54,540","56,880","57,142","57,043","56,281","55,787","55,137","54,234","53,639","55,489","55,324","54,732","53,868","52,343","52,333","52,945","50,851","50,096","48,473","50,302","49,650","51,042","34,952","32,887","34,059","34,877","35,732","34,023","31,847","29,168","27,272","25,405","23,030","20,474","17,566","15,851","13,445","11,684","9,628","7,887","6,563","18,152"
1,"5,083,330","65,741","63,233","63,912","66,206","65,011","65,702","64,218","62,144","63,495","64,841","66,772","65,349","63,329","59,253","58,518","63,225","64,105","65,341","69,651","75,125","80,353","80,101","82,088","83,114","83,048","81,062","84,211","83,396","81,923","80,974","80,679","78,977","76,967","74,653","72,638","71,408","68,418","68,152","66,876","64,516","66,711","67,363","69,947","73,044","79,685","61,584","59,261","61,560","60,533","57,098","54,280","56,627","56,902","56,741","55,934","55,472","54,737","53,774","53,180","54,917","54,730","54,072","53,140","51,460","51,405","51,915","49,763","48,806","47,171","48,726","48,069","49,233","33,511","31,478","32,422","33,176","33,813","31,975","29,785","27,071","25,133","23,265","20,895","18,401","15,572","13,998","11,802","10,112","8,229","6,668","19,459"
1,"5,085,620","66,533","65,512","63,146","63,792","66,079","64,944","65,604","64,262","62,159","63,294","64,583","66,674","65,277","63,142","58,962","58,225","62,713","63,674","64,634","71,054","75,835","80,104","79,221","80,836","81,797","82,364","80,429","83,773","83,102","81,585","80,616","80,378","78,683","76,797","74,602","72,628","71,391","68,422","68,113","66,898","64,591","66,687","67,366","69,984","73,012","79,480","61,526","59,170","61,414","60,388","56,944","54,143","56,428","56,682","56,510","55,648","55,110","54,359","53,377","52,676","54,377","54,032","53,274","52,271","50,541","50,324","50,763","48,463","47,466","45,698","47,036","46,314","47,272","32,072","30,036","30,616","31,392","31,812","29,892","27,678","24,989","23,058","21,228","18,788","16,404","13,757","12,200","10,221","8,661","6,974","20,679"
1,"5,092,460","64,020","66,400","65,506","63,295","63,757","66,117","65,015","65,644","64,467","62,223","63,146","64,445","66,663","65,237","62,996","58,744","57,878","62,281","63,121","66,497","71,807","76,016","79,618","78,336","79,995","81,189","82,038","80,341","83,597","82,907","81,564","80,697","80,353","78,662","76,909","74,751","72,696","71,398","68,527","68,249","67,004","64,644","66,755","67,456","69,916","72,956","79,444","61,465","59,096","61,371","60,281","56,827","54,026","56,236","56,456","56,266","55,302","54,814","53,938","52,909","52,094","53,740","53,252","52,400","51,315","49,552","49,165","49,487","47,116","46,091","44,126","45,354","44,596","45,244","30,569","28,382","28,829","29,459","29,655","27,802","25,508","22,846","20,908","19,147","16,857","14,541","11,960","10,494","8,712","7,277","21,718"
1,"5,102,210","62,810","63,983","66,356","65,575","63,493","63,850","66,223","65,177","65,791","64,799","62,345","63,096","64,276","66,583","65,258","62,888","58,554","57,608","62,072","65,233","67,647","72,039","75,779","78,643","77,624","79,562","80,826","82,089","80,418","83,524","82,885","81,772","80,793","80,387","78,685","77,005","74,968","72,925","71,512","68,661","68,460","67,031","64,757","66,794","67,604","69,932","72,933","79,396","61,433","59,069","61,286","60,222","56,679","53,800","56,016","56,183","55,904","54,900","54,429","53,489","52,385","51,583","53,025","52,421","51,473","50,352","48,367","47,899","48,084","45,682","44,584","42,518","43,566","42,816","43,176","29,015","26,816","27,095","27,555","27,514","25,634","23,338","20,780","18,820","17,025","15,000","12,719","10,245","8,884","7,326","22,482"
1,"5,103,690","60,234","62,510","63,805","66,213","65,564","63,458","63,781","66,124","65,210","65,808","64,953","62,358","62,929","64,017","66,400","65,191","62,668","58,143","57,388","64,449","66,178","67,642","71,373","74,603","77,484","76,777","78,955","80,510","81,799","80,183","83,193","82,732","81,664","80,699","80,086","78,444","76,989","74,959","72,998","71,505","68,723","68,406","67,006","64,791","66,798","67,518","69,879","72,770","79,231","61,334","58,942","61,115","60,038","56,427","53,576","55,759","55,800","55,472","54,483","54,023","53,050","51,786","50,952","52,248","51,556","50,478","49,363","47,129","46,616","46,757","44,240","43,096","40,858","41,757","40,970","41,132","27,567","25,193","25,398","25,724","25,540","23,643","21,372","18,844","16,856","15,148","13,257","11,104","8,835","7,583","23,571"
1,"5,092,190","58,511","59,955","62,136","63,594","65,887","65,501","63,344","63,645","65,929","65,121","65,669","64,943","62,224","62,625","63,706","66,194","64,901","62,267","57,692","59,393","64,991","65,905","66,719","69,747","73,085","76,403","75,680","78,163","79,879","81,299","79,692","82,732","82,348","81,474","80,381","79,782","78,017","76,691","74,798","72,844","71,347","68,588","68,298","66,873","64,709","66,613","67,381","69,717","72,547","78,915","61,126","58,774","60,863","59,733","56,111","53,329","55,367","55,340","55,020","53,943","53,484","52,505","51,119","50,193","51,412","50,562","49,396","48,196","45,831","45,219","45,263","42,620","41,535","39,205","39,905","39,016","39,026","26,017","23,570","23,604","23,788","23,465","21,584","19,276","16,862","14,947","13,326","11,523","9,517","7,407","24,356"
1,"5,083,340","59,640","58,318","59,673","61,834","63,240","65,638","65,395","63,407","63,538","65,797","65,101","65,583","65,017","62,127","62,341","63,366","65,825","64,507","61,746","59,790","59,910","64,442","64,873","64,664","68,163","71,907","75,326","74,815","77,529","79,413","80,829","79,300","82,356","81,995","81,300","80,189","79,534","77,667","76,494","74,678","72,763","71,215","68,443","68,191","66,800","64,643","66,456","67,202","69,553","72,293","78,667","60,945","58,570","60,583","59,447","55,793","52,968","54,949","54,872","54,630","53,424","52,911","51,931","50,430","49,368","50,442","49,548","48,305","47,045","44,569","43,800","43,796","41,067","39,886","37,497","38,022","37,013","36,935","24,506","21,930","21,849","21,868","21,429","19,542","17,305","14,984","13,091","11,615","9,908","8,067","25,007"
1,"5,077,070","57,565","59,389","58,315","59,510","61,612","63,015","65,500","65,311","63,441","63,435","65,709","65,038","65,467","65,092","62,078","62,112","62,857","65,352","63,923","64,072","60,520","59,588","63,332","63,017","62,986","66,888","70,778","74,525","74,213","76,927","78,909","80,493","79,089","82,097","81,693","81,180","80,147","79,241","77,412","76,337","74,700","72,751","71,165","68,355","68,128","66,702","64,578","66,340","67,171","69,407","72,080","78,422","60,766","58,430","60,390","59,219","55,421","52,666","54,650","54,484","54,205","52,856","52,401","51,266","49,773","48,599","49,531","48,546","47,264","45,825","43,225","42,362","42,286","39,582","38,264","35,717","36,068","35,012","34,746","22,960","20,436","20,136","20,037","19,526","17,679","15,473","13,259","11,432","10,028","8,499","26,087"
1,"5,071,950","56,213","57,283","59,143","58,286","59,386","61,399","62,912","65,368","65,259","63,512","63,395","65,647","64,952","65,409","65,216","62,016","61,670","62,316","65,073","66,600","64,927","60,492","58,852","61,678","61,433","61,905","66,049","70,232","74,070","73,772","76,683","78,687","80,261","78,958","81,920","81,590","81,186","80,113","79,041","77,156","76,259","74,683","72,698","71,093","68,381","68,012","66,615","64,553","66,266","67,120","69,278","71,793","78,139","60,559","58,228","60,176","58,857","55,087","52,364","54,287","54,058","53,681","52,264","51,745","50,622","48,987","47,689","48,532","47,381","46,120","44,532","41,807","40,798","40,642","37,932","36,565","33,877","34,180","32,975","32,567","21,384","18,807","18,466","18,169","17,526","15,745","13,552","11,472","9,735","8,537","27,095"
1,"5,062,940","53,411","55,832","57,006","58,857","58,107","59,175","61,130","62,657","65,149","65,231","63,532","63,424","65,617","64,971","65,340","65,324","61,839","61,398","62,128","67,207","67,675","64,906","59,752","57,216","60,056","60,310","60,998","65,453","69,568","73,643","73,362","76,396","78,278","79,878","78,819","81,691","81,413","81,116","80,009","78,829","76,948","76,061","74,578","72,653","71,064","68,316","67,913","66,560","64,443","66,124","66,981","69,101","71,611","77,828","60,342","58,028","59,782","58,523","54,680","51,980","53,885","53,530","53,105","51,593","51,123","49,936","48,184","46,829","47,456","46,233","44,859","43,208","40,360","39,224","38,923","36,271","34,850","32,028","32,121","30,907","30,343","19,755","17,184","16,777","16,376","15,652","13,976","11,761","9,758","8,218","28,296"
1,"5,064,200","52,027","53,060","55,668","56,812","58,694","58,088","59,103","61,005","62,593","65,024","65,249","63,693","63,393","65,581","65,007","65,377","65,393","61,838","61,130","63,867","68,326","68,041","64,539","58,527","55,962","59,440","59,787","60,929","65,267","69,462","73,489","73,267","76,391","78,126","79,964","78,823","81,648","81,478","81,265","80,018","78,712","76,729","76,084","74,604","72,759","70,936","68,313","67,903","66,569","64,487","65,995","66,838","68,922","71,437","77,691","60,177","57,831","59,574","58,163","54,393","51,576","53,469","53,039","52,488","50,979","50,436","49,238","47,416","45,962","46,412","45,084","43,650","41,872","38,904","37,668","37,362","34,663","33,201","30,258","30,132","28,915","28,189","18,306","15,594","15,125","14,596","13,920","12,341","10,189","8,363","29,385"
1,"5,066,000","51,198","52,277","53,357","55,907","57,045","58,892","58,286","59,287","61,183","62,693","65,247","65,498","63,581","63,263","65,405","64,666","65,071","64,740","61,286","62,831","65,212","68,791","67,952","63,472","57,749","55,837","59,376","59,910","61,022","65,243","69,548","73,481","73,315","76,383","77,908","79,747","78,809","81,599","81,387","81,160","80,118","78,792","76,673","76,092","74,511","72,737","70,886","68,270","67,799","66,504","64,413","65,950","66,673","68,765","71,213","77,467","59,888","57,538","59,280","57,775","53,965","51,087","52,894","52,409","51,823","50,302","49,598","48,288","46,508","44,905","45,276","43,878","42,319","40,404","37,334","36,074","35,667","32,858","31,354","28,433","28,097","26,915","26,037","16,739","14,158","13,539","12,960","12,196","10,690","8,665","29,670"
1,"5,068,500","51,783","51,241","52,437","53,601","56,062","57,176","59,081","58,582","59,513","61,400","62,774","65,351","65,312","63,497","63,099","65,196","64,255","64,537","64,080","62,854","64,074","66,238","68,847","66,724","62,607","57,291","55,531","59,388","59,848","61,120","65,423","69,707","73,530","73,436","76,487","78,037","79,887","78,997","81,858","81,563","81,345","80,169","78,682","76,618","76,057","74,430","72,623","70,851","68,121","67,607","66,391","64,289","65,764","66,472","68,630","71,005","77,199","59,650","57,163","58,973","57,375","53,507","50,578","52,252","51,794","51,112","49,524","48,738","47,403","45,442","43,875","44,123","42,542","40,857","38,818","35,753","34,426","33,860","31,103","29,437","26,495","26,005","24,817","23,765","15,129","12,629","11,949","11,307","10,509","9,056","29,857"
1,"5,084,300","53,628","51,954","51,422","52,768","53,953","56,304","57,571","59,412","58,953","59,772","61,654","62,943","65,486","65,416","63,396","63,113","65,049","63,845","64,223","66,320","64,269","65,232","66,458","68,040","66,117","62,311","57,248","55,780","59,475","60,232","61,426","65,673","70,214","73,912","73,671","76,790","78,394","80,140","79,338","82,156","81,820","81,579","80,313","78,788","76,612","76,082","74,331","72,683","70,875","68,111","67,612","66,441","64,226","65,699","66,406","68,521","70,916","77,064","59,382","56,917","58,609","57,080","53,131","50,083","51,701","51,195","50,384","48,796","47,824","46,469","44,402","42,699","42,828","41,198","39,365","37,316","34,154","32,807","31,982","29,236","27,590","24,566","23,957","22,751","21,552","13,619","11,205","10,422","9,763","9,015","30,165"
1,"5,110,200","54,502","53,950","52,171","51,685","53,186","54,316","56,657","57,974","59,774","59,355","60,151","62,037","63,046","65,211","65,011","63,015","63,127","65,061","64,151","67,434","68,416","66,144","66,358","66,744","68,005","66,310","62,499","57,851","56,195","59,943","60,787","61,895","66,221","70,715","74,446","73,936","77,110","78,839","80,363","79,787","82,514","82,161","81,863","80,466","79,042","76,669","76,139","74,383","72,718","70,955","68,076","67,593","66,389","64,201","65,600","66,259","68,393","70,761","76,755","59,114","56,596","58,165","56,563","52,614","49,515","51,053","50,452","49,561","47,899","46,875","45,503","43,260","41,526","41,562","39,712","37,821","35,731","32,487","31,106","30,153","27,352","25,675","22,657","21,908","20,664","19,477","12,172","9,850","8,956","8,296","30,610"
1,"5,133,000","55,117","54,639","53,923","52,318","51,890","53,384","54,645","56,935","58,184","60,028","59,642","60,313","62,281","62,989","65,171","64,773","63,142","63,490","65,860","67,781","69,375","69,690","65,954","66,347","67,061","68,088","66,241","62,901","58,225","56,698","60,374","61,234","62,388","66,575","71,182","74,809","74,350","77,464","79,209","80,658","79,983","82,775","82,269","82,104","80,544","78,990","76,580","76,141","74,319","72,683","70,796","67,999","67,418","66,287","64,083","65,425","65,980","68,121","70,424","76,428","58,782","56,183","57,647","55,975","51,961","48,844","50,246","49,626","48,662","46,951","45,833","44,399","42,032","40,315","40,195","38,209","36,231","34,008","30,778","29,391","28,315","25,442","23,748","20,769","19,906","18,727","17,539","10,735","8,523","7,703","30,648"
1,"5,170,000","57,040","55,449","55,052","54,210","52,556","52,188","53,812","55,109","57,352","58,571","60,453","60,097","60,673","62,449","63,235","65,401","64,928","64,498","64,802","69,642","69,835","68,986","69,147","66,648","66,963","68,065","68,558","67,098","63,715","59,098","57,692","61,270","62,053","63,181","67,387","71,889","75,463","74,742","77,969","79,717","81,013","80,258","83,089","82,527","82,243","80,760","79,043","76,632","76,258","74,354","72,727","70,849","67,966","67,344","66,152","63,984","65,305","65,748","67,870","70,115","76,149","58,451","55,669","57,048","55,424","51,392","48,146","49,485","48,779","47,792","46,001","44,769","43,222","40,840","39,038","38,763","36,718","34,583","32,398","29,143","27,614","26,341","23,587","21,746","18,963","17,896","16,765","15,533","9,296","7,370","29,849"
1,"5,202,900","59,546","57,261","55,643","55,249","54,377","52,680","52,406","54,117","55,376","57,639","58,836","60,809","60,380","61,050","62,713","63,559","65,426","65,211","65,773","69,158","71,903","69,132","69,716","69,275","66,659","67,667","68,493","68,765","67,244","64,311","59,855","58,385","61,911","62,536","63,840","67,988","72,483","75,842","75,212","78,349","80,045","81,116","80,590","83,319","82,708","82,431","80,786","79,082","76,661","76,249","74,349","72,633","70,695","67,857","67,192","65,974","63,806","65,038","65,350","67,512","69,721","75,722","57,979","55,174","56,375","54,789","50,680","47,382","48,688","47,864","46,780","44,946","43,627","42,010","39,534","37,643","37,234","35,205","32,814","30,652","27,511","25,814","24,440","21,635","19,816","17,090","16,000","14,905","13,572","7,994","29,136"
1,"5,231,900","59,653","59,540","57,219","55,713","55,381","54,394","52,713","52,490","54,320","55,667","57,896","59,146","61,043","60,753","61,301","62,998","64,082","68,428","69,004","67,809","68,475","70,911","70,035","70,040","69,240","66,895","67,901","68,783","68,995","67,400","64,920","60,326","58,732","62,368","63,107","64,332","68,426","72,917","76,232","75,614","78,540","80,220","81,130","80,695","83,442","82,756","82,479","80,841","79,007","76,523","76,162","74,262","72,502","70,536","67,664","66,974","65,790","63,597","64,655","65,039","67,075","69,157","75,137","57,388","54,555","55,724","54,023","49,925","46,609","47,726","46,840","45,818","43,803","42,453","40,745","38,204","36,199","35,696","33,598","31,082","28,858","25,702","24,028","22,505","19,745","17,918","15,306","14,122","13,144","11,730","29,072"
1,"5,262,200","59,347","59,477","59,345","57,049","55,702","55,429","54,400","52,713","52,562","54,494","55,911","58,136","59,303","61,321","61,030","61,601","63,276","64,414","70,003","72,532","70,359","70,371","72,374","70,576","70,043","69,509","67,047","68,278","69,056","69,011","67,530","65,245","60,599","59,243","62,899","63,483","64,708","68,824","73,386","76,514","75,763","78,685","80,330","81,219","80,737","83,506","82,743","82,506","80,779","78,922","76,368","76,062","74,125","72,298","70,251","67,348","66,727","65,530","63,310","64,355","64,646","66,607","68,677","74,588","56,796","53,910","54,992","53,229","49,129","45,723","46,767","45,812","44,700","42,597","41,216","39,459","36,823","34,723","34,157","31,938","29,244","27,067","23,986","22,249","20,590","17,944","16,044","13,591","12,402","11,500","32,430"
1,"5,299,900","60,365","57,682","59,379","59,234","56,926","55,769","55,429","54,406","52,686","52,610","54,673","56,125","58,327","59,523","61,618","61,351","61,972","63,983","66,503","73,022","75,298","72,740","72,567","73,748","71,227","70,658","69,901","67,576","68,651","69,563","69,237","67,851","65,690","61,116","59,892","63,532","64,101","65,333","69,274","73,861","76,830","76,006","78,902","80,567","81,359","80,824","83,684","82,822","82,600","80,839","78,927","76,317","75,902","74,011","72,160","70,059","67,109","66,477","65,258","63,021","64,020","64,169","66,134","68,143","73,997","56,210","53,253","54,249","52,419","48,282","44,833","45,742","44,742","43,605","41,445","39,876","38,103","35,407","33,215","32,543","30,248","27,468","25,190","22,178","20,312","18,642","16,140","14,326","11,959","10,808","35,169"
1,"5,313,600","58,547","60,583","57,801","59,525","59,334","57,021","55,870","55,485","54,447","52,774","52,634","54,791","56,177","58,352","59,624","61,661","61,429","62,137","64,411","69,298","75,078","76,241","73,355","73,142","73,521","70,927","70,455","69,893","67,498","68,559","69,543","69,174","67,793","65,521","60,906","59,878","63,545","64,117","65,226","69,223","73,720","76,712","75,830","78,793","80,416","81,161","80,555","83,530","82,628","82,392","80,554","78,783","76,036","75,658","73,676","71,825","69,693","66,809","66,094","64,875","62,651","63,456","63,592","65,483","67,441","73,171","55,455","52,391","53,321","51,407","47,287","43,866","44,578","43,531","42,281","40,055","38,525","36,532","33,870","31,617","30,892","28,438","25,624","23,306","20,367","18,499","16,737","14,321","12,460","10,305","36,905"
1,"5,327,700","56,999","58,675","60,750","58,012","59,607","59,490","57,136","55,999","55,568","54,504","52,908","52,692","54,885","56,245","58,402","59,707","61,761","61,583","62,712","67,736","71,097","75,976","76,744","73,520","72,940","73,405","70,758","70,420","69,963","67,529","68,641","69,583","69,203","67,819","65,463","60,955","60,035","63,609","64,203","65,308","69,308","73,718","76,686","75,830","78,734","80,368","81,051","80,477","83,449","82,472","82,200","80,377","78,546","75,940","75,373","73,387","71,580","69,373","66,473","65,609","64,452","62,182","62,931","63,028","64,716","66,698","72,160","54,608","51,514","52,402","50,415","46,195","42,714","43,353","42,243","40,870","38,588","36,985","34,900","32,200","29,821","28,973","26,488","23,753","21,290","18,374","16,621","14,789","12,476","10,778","37,690"
1,"5,347,600","56,183","57,384","59,003","61,001","58,286","59,796","59,709","57,299","56,156","55,761","54,683","53,049","52,784","55,000","56,383","58,564","59,834","61,823","62,162","65,888","69,786","71,902","76,618","76,858","73,377","72,857","73,353","70,921","70,384","70,043","67,814","68,824","69,720","69,328","67,996","65,631","61,125","60,145","63,706","64,350","65,320","69,361","73,776","76,693","75,738","78,763","80,294","80,936","80,366","83,319","82,322","82,095","80,196","78,292","75,730","75,220","73,094","71,253","69,002","66,084","65,228","64,048","61,705","62,338","62,491","64,011","65,877","71,230","53,826","50,633","51,451","49,318","45,082","41,612","42,172","40,966","39,522","37,191","35,469","33,266","30,565","28,208","27,181","24,593","21,896","19,405","16,641","14,850","13,098","10,835","39,552"
1,"5,373,000","56,001","56,678","57,813","59,341","61,341","58,497","60,030","59,905","57,571","56,353","55,960","54,864","53,191","52,935","55,192","56,590","58,760","60,074","62,576","65,983","68,431","71,367","73,141","77,485","77,246","74,147","73,527","73,839","71,408","70,965","70,533","68,276","69,258","70,132","69,701","68,314","66,079","61,363","60,428","63,953","64,459","65,347","69,421","73,863","76,735","75,732","78,720","80,228","80,816","80,322","83,200","82,142","81,807","79,957","78,187","75,506","74,932","72,849","70,878","68,655","65,720","64,782","63,577","61,183","61,736","61,768","63,190","65,005","70,181","52,811","49,594","50,402","48,067","43,865","40,398","40,800","39,510","37,998","35,493","33,768","31,477","28,857","26,397","25,116","22,494","19,821","17,425","14,672","12,855","11,239","39,795"
1,"5,404,700","55,516","56,584","57,165","58,232","59,741","61,695","58,801","60,336","60,184","57,846","56,634","56,142","55,083","53,398","53,121","55,439","56,863","58,981","60,951","66,426","68,524","70,098","72,575","74,422","78,348","78,055","74,943","74,420","74,513","72,193","71,566","71,086","68,875","69,755","70,631","70,100","68,696","66,397","61,788","60,772","64,126","64,558","65,486","69,586","73,882","76,789","75,703","78,786","80,211","80,762","80,186","83,067","81,988","81,648","79,802","77,970","75,289","74,614","72,473","70,475","68,252","65,332","64,365","62,976","60,627","61,076","61,082","62,320","64,019","69,027","51,771","48,550","49,278","46,793","42,627","39,132","39,436","37,987","36,463","33,828","31,999","29,683","27,085","24,519","23,132","20,572","17,850","15,532","12,875","11,149","41,067"
1,"5,424,800","53,553","55,892","56,790","57,361","58,510","60,001","61,895","59,011","60,624","60,420","58,057","56,840","56,357","55,243","53,600","53,288","55,594","57,019","59,765","64,374","68,681","69,606","70,694","72,975","74,653","78,655","78,483","75,362","74,881","74,867","72,571","71,944","71,361","69,157","70,047","70,904","70,398","68,961","66,716","62,074","60,895","64,175","64,675","65,644","69,644","73,896","76,713","75,686","78,705","80,070","80,731","80,065","82,909","81,817","81,527","79,580","77,724","75,091","74,304","72,187","70,127","67,858","64,843","63,803","62,380","60,019","60,326","60,324","61,432","62,965","67,803","50,692","47,498","48,083","45,454","41,333","37,747","37,972","36,431","34,779","32,213","30,161","27,831","25,138","22,550","21,129","18,435","15,840","13,646","11,041","41,725"
1,"5,438,100","52,310","53,852","56,084","57,065","57,551","58,712","60,252","62,094","59,207","60,824","60,578","58,240","57,028","56,549","55,395","53,761","53,470","55,826","57,923","63,584","66,553","69,638","70,320","71,115","72,998","74,452","78,687","78,594","75,598","75,009","75,210","72,799","72,184","71,623","69,442","70,265","71,110","70,470","69,208","66,944","62,120","60,952","64,225","64,595","65,630","69,643","73,805","76,696","75,548","78,595","79,961","80,572","79,878","82,671","81,605","81,321","79,351","77,374","74,742","73,872","71,830","69,664","67,359","64,232","63,221","61,710","59,315","59,478","59,481","60,429","61,782","66,483","49,554","46,406","46,740","44,032","39,818","36,270","36,307","34,675","32,934","30,268","28,137","25,872","23,047","20,599","18,979","16,404","13,787","11,680","41,927"
1,"5,463,300","50,772","52,734","54,266","56,539","57,404","57,837","59,032","60,560","62,408","59,479","61,119","60,860","58,512","57,366","56,817","55,692","54,052","53,713","56,834","61,667","65,838","67,735","70,870","71,430","71,583","73,182","74,857","79,127","79,100","75,989","75,648","75,743","73,301","72,691","72,080","69,835","70,584","71,428","70,962","69,713","67,127","62,229","61,101","64,358","64,617","65,725","69,677","73,842","76,666","75,548","78,567","79,919","80,362","79,788","82,454","81,429","81,224","79,062","77,036","74,372","73,504","71,388","69,244","66,867","63,690","62,599","60,993","58,595","58,657","58,600","59,394","60,782","65,059","48,394","45,227","45,388","42,595","38,406","34,798","34,764","33,039","31,191","28,436","26,237","23,904","21,126","18,701","17,001","14,569","12,032","43,658"
1,"5,466,000","48,635","51,062","52,945","54,449","56,715","57,581","57,938","59,171","60,666","62,547","59,638","61,301","61,018","58,637","57,487","56,993","55,890","54,249","54,563","60,425","63,647","66,446","68,571","71,700","71,391","71,106","73,027","74,855","79,056","79,160","76,267","75,771","75,784","73,408","72,839","72,209","70,023","70,666","71,648","71,120","69,697","67,069","62,260","61,058","64,282","64,531","65,662","69,579","73,692","76,460","75,377","78,343","79,712","80,132","79,549","82,107","81,133","80,820","78,716","76,568","73,864","73,032","70,790","68,622","66,261","63,006","61,854","60,188","57,711","57,674","57,542","58,270","59,477","63,508","47,033","43,773","43,790","40,965","36,647","33,035","32,822","31,017","29,101","26,288","24,068","21,747","18,980","16,467","14,836","12,532","43,749"
