Mid-year population estimates: Scotland and its council areas by single year of age and sex: 2006,,,,,,,,,,,,, ,,,,,,,,,,,,,,,,,,,,,,,,,,,,,,,,,,,,,,,,,,,,,,,,,,,,,,,,,,,,,,,,,,,,,,,,,,,,,,,,
,,,,,,,,,,,,,,,,,,,,,,,,,,,,,,,,,,,,,,,,,,,,,,,,,,,,,,,,,,,,,,,,,,,,,,,,,,,,,,,,,,,,,,,,,,,,,
Code,Persons,All Ages,0,1,2,3,4,5,6,7,8,9,10,11,12,13,14,15,16,17,18,19,20,21,22,23,24,25,26,27,28,29,30,31,32,33,34,35,36,37,38,39,40,41,42,43,44,45,46,47,48,49,50,51,52,53,54,55,56,57,58,59,60,61,62,63,64,65,66,67,68,69,70,71,72,73,74,75,76,77,78,79,80,81,82,83,84,85,86,87,88,89,90+
,,,,,,,,,,,,,,,,,,,,,,,,,,,,,,,,,,,,,,,,,,,,,,,,,,,,,,,,,,,,,,,,,,,,,,,,,,,,,,,,,,,,,,,,,,,,,
S92000003,Scotland,"5,133,000","55,117","54,639","53,923","52,318","51,890","53,384","54,645","56,935","58,184","60,028","59,642","60,313","62,281","62,989","65,171","64,773","63,142","63,490","65,860","67,781","69,375","69,690","65,954","66,347","67,061","68,088","66,241","62,901","58,225","56,698","60,374","61,234","62,388","66,575","71,182","74,809","74,350","77,464","79,209","80,658","79,983","82,775","82,269","82,104","80,544","78,990","76,580","76,141","74,319","72,683","70,796","67,999","67,418","66,287","64,083","65,425","65,980","68,121","70,424","76,428","58,782","56,183","57,647","55,975","51,961","48,844","50,246","49,626","48,662","46,951","45,833","44,399","42,032","40,315","40,195","38,209","36,231","34,008","30,778","29,391","28,315","25,442","23,748","20,769","19,906","18,727","17,539","10,735","8,523","7,703","30,648"
S12000033,Aberdeen City,"209,630","2,147","2,102","1,885","1,911","1,843","1,818","1,854","1,921","1,906","1,970","1,963","2,073","2,156","2,176","2,229","2,271","2,234","2,681","3,333","3,598","3,983","3,946","3,653","3,820","3,768","3,878","3,884","3,469","3,172","3,056","3,017","2,873","2,883","3,041","3,066","3,111","2,922","3,063","2,953","3,092","2,992","3,174","3,092","3,143","3,097","2,937","3,059","3,017","2,959","2,873","2,821","2,774","2,706","2,546","2,551","2,520","2,564","2,688","2,647","2,904","2,135","1,807","1,891","1,935","1,860","1,706","1,798","1,731","1,752","1,704","1,684","1,642","1,666","1,577","1,616","1,485","1,457","1,371","1,247","1,239","1,118","1,039",947,836,800,805,742,394,339,296,"1,226"
S12000034,Aberdeenshire,"241,180","2,623","2,578","2,583","2,580","2,586","2,679","2,881","2,963","2,967","3,074","3,050","3,181","3,407","3,311","3,284","3,276","3,185","3,117","2,864","2,720","2,536","2,509","2,374","2,285","2,335","2,368","2,401","2,288","2,279","2,312","2,517","2,647","2,957","3,201","3,332","3,651","3,606","3,909","3,839","4,002","4,002","4,107","4,133","4,105","3,909","3,889","3,703","3,763","3,793","3,678","3,701","3,561","3,649","3,413","3,333","3,436","3,401","3,576","3,696","3,929","3,051","2,748","2,757","2,686","2,499","2,172","2,379","2,251","2,148","2,021","2,021","1,877","1,792","1,723","1,648","1,566","1,529","1,435","1,304","1,221","1,155","1,124","1,071",885,886,763,787,471,387,354,"1,435"
S12000041,Angus,"112,500","1,098","1,150","1,200","1,159","1,147","1,244","1,238","1,244","1,328","1,391","1,357","1,376","1,461","1,408","1,457","1,497","1,353","1,307","1,261","1,201","1,155","1,168","1,144","1,122","1,157","1,138","1,056","1,122","1,056","1,021","1,108","1,145","1,211","1,417","1,491","1,507","1,485","1,604","1,574","1,680","1,659","1,805","1,782","1,750","1,818","1,653","1,769","1,633","1,584","1,556","1,562","1,503","1,528","1,616","1,473","1,565","1,623","1,700","1,792","1,988","1,413","1,435","1,450","1,370","1,298","1,208","1,269","1,156","1,194","1,187","1,138","1,116","1,039",927,989,984,904,832,810,714,731,634,590,552,504,451,444,277,224,210,853
S12000035,Argyll and Bute,"90,860",771,762,863,781,823,835,896,"1,000","1,024","1,072","1,073","1,091","1,174","1,149","1,126","1,090","1,102","1,057",971,961,"1,004",957,964,944,879,904,941,866,812,810,873,881,896,976,"1,048","1,025","1,190","1,168","1,280","1,376","1,327","1,432","1,417","1,425","1,419","1,383","1,341","1,317","1,294","1,328","1,344","1,265","1,243","1,221","1,242","1,360","1,307","1,412","1,421","1,722","1,277","1,279","1,282","1,210","1,184","1,094","1,164","1,118","1,011","1,028",959,931,884,857,853,795,742,727,646,581,580,556,501,447,410,411,376,238,169,175,740
S12000036,City of Edinburgh,"452,040","4,840","4,439","4,310","4,135","4,082","3,969","4,122","4,226","4,238","4,253","4,407","4,292","4,177","4,370","4,770","4,792","4,801","5,135","5,694","7,234","8,187","8,617","8,121","8,782","9,216","8,949","9,045","8,414","7,548","7,246","7,324","7,191","7,065","6,951","7,045","7,253","6,820","6,773","6,987","6,935","6,728","6,845","6,665","6,888","6,534","6,516","6,248","6,154","6,003","6,009","5,571","5,348","5,272","5,194","5,094","5,071","5,156","5,286","5,244","5,949","4,260","4,044","4,034","3,927","3,588","3,445","3,600","3,565","3,580","3,454","3,473","3,326","3,231","3,212","3,134","3,190","2,973","2,804","2,645","2,616","2,405","2,208","2,139","1,901","1,871","1,758","1,673","1,011",789,720,"2,934"
S12000005,Clackmannanshire,"49,540",539,527,503,496,535,524,580,586,582,593,642,634,665,668,646,662,636,573,611,542,576,515,558,546,548,620,614,551,535,544,559,603,569,692,746,687,741,852,822,913,809,832,813,830,786,795,743,766,708,690,655,671,667,653,636,688,697,730,735,796,614,610,621,583,527,477,449,451,460,474,418,395,352,343,357,306,351,296,252,229,217,184,209,185,195,160,145,92,72,57,224
S12000006,Dumfries and Galloway,"149,770","1,468","1,449","1,405","1,416","1,356","1,410","1,490","1,538","1,736","1,678","1,778","1,841","1,918","1,870","1,854","1,899","1,817","1,721","1,697","1,531","1,444","1,490","1,393","1,296","1,329","1,374","1,363","1,293","1,248","1,176","1,358","1,395","1,447","1,557","1,759","1,892","1,926","2,083","2,060","2,209","2,240","2,404","2,355","2,417","2,396","2,312","2,215","2,198","2,193","2,109","2,169","2,122","2,086","2,032","2,083","2,159","2,246","2,300","2,407","2,592","2,062","2,053","2,124","2,088","1,934","1,864","1,863","1,789","1,713","1,761","1,679","1,562","1,537","1,528","1,432","1,375","1,323","1,254","1,120","1,151","1,028",936,833,772,701,654,595,373,311,282,"1,074"
S12000042,Dundee City,"143,360","1,499","1,603","1,446","1,401","1,348","1,353","1,363","1,407","1,524","1,574","1,561","1,433","1,452","1,603","1,643","1,769","1,684","1,903","2,216","2,828","2,958","2,930","2,610","2,463","2,440","2,399","2,251","2,067","1,692","1,613","1,631","1,560","1,556","1,615","1,686","1,870","1,773","1,902","1,846","1,888","1,997","2,033","2,020","2,123","2,085","2,076","2,045","1,922","1,967","1,931","1,766","1,717","1,640","1,650","1,632","1,621","1,693","1,774","1,821","2,082","1,520","1,462","1,413","1,402","1,355","1,331","1,392","1,414","1,443","1,303","1,350","1,269","1,272","1,210","1,248","1,186","1,112","1,073",964,888,880,880,810,689,653,599,568,314,233,233,939
S12000008,East Ayrshire,"120,440","1,270","1,271","1,305","1,241","1,207","1,282","1,277","1,313","1,422","1,395","1,376","1,458","1,589","1,602","1,624","1,647","1,613","1,594","1,510","1,522","1,494","1,427","1,344","1,350","1,328","1,333","1,316","1,280","1,210","1,133","1,340","1,396","1,373","1,544","1,706","1,772","1,772","1,913","1,909","1,977","1,927","2,092","1,924","1,911","1,819","1,860","1,729","1,805","1,711","1,743","1,589","1,576","1,587","1,648","1,510","1,570","1,667","1,664","1,741","1,935","1,439","1,466","1,436","1,406","1,302","1,231","1,255","1,235","1,196","1,179","1,075","1,097","1,037","1,037",956,951,819,750,731,649,672,573,498,464,443,436,396,253,200,161,654
S12000045,East Dunbartonshire,"105,590",944,953,"1,010","1,076","1,101","1,143","1,158","1,275","1,353","1,283","1,375","1,370","1,474","1,478","1,529","1,518","1,482","1,420","1,319","1,218","1,195","1,231","1,113","1,122","1,068","1,024","1,031",927,844,906,870,855,940,"1,060","1,179","1,283","1,387","1,450","1,504","1,627","1,580","1,725","1,777","1,781","1,802","1,796","1,697","1,805","1,689","1,730","1,637","1,562","1,507","1,522","1,364","1,431","1,499","1,512","1,503","1,690","1,328","1,312","1,314","1,231","1,103","1,079","1,130","1,151","1,122","1,124","1,015","1,028",996,914,902,837,813,752,698,664,619,537,512,448,436,382,343,204,178,141,573
S12000010,East Lothian,"93,850","1,084","1,009","1,090",946,"1,019","1,050","1,118","1,131","1,152","1,270","1,211","1,231","1,268","1,268","1,386","1,268","1,195","1,047","1,012",980,892,915,823,833,819,870,762,803,760,860,884,"1,031","1,033","1,228","1,254","1,418","1,427","1,493","1,558","1,624","1,486","1,637","1,609","1,637","1,507","1,551","1,504","1,479","1,418","1,431","1,360","1,277","1,230","1,214","1,178","1,245","1,224","1,196","1,391","1,421","1,120","1,035","1,155","1,041","1,030",965,933,893,987,856,870,827,845,764,790,737,695,691,603,611,597,516,458,450,400,394,378,219,169,164,640
S12000011,East Renfrewshire,"89,750",857,983,"1,016",978,"1,047","1,057","1,127","1,170","1,216","1,251","1,212","1,294","1,307","1,285","1,309","1,215","1,277","1,306","1,105","1,051","1,001",989,922,847,809,861,782,732,735,711,758,722,910,955,"1,035","1,165","1,190","1,308","1,346","1,418","1,477","1,480","1,594","1,537","1,543","1,481","1,513","1,528","1,440","1,422","1,428","1,332","1,231","1,184","1,191","1,117","1,167","1,203","1,263","1,343",997,978,986,943,863,876,836,840,910,833,843,782,775,710,749,692,664,628,565,550,558,455,455,373,393,350,319,204,180,138,572
S12000014,Falkirk,"151,090","1,776","1,779","1,652","1,669","1,564","1,655","1,680","1,727","1,782","1,837","1,749","1,856","1,760","1,874","1,817","1,936","1,826","1,735","1,849","1,788","1,766","1,783","1,647","1,722","1,834","1,808","1,832","1,877","1,820","1,774","1,848","1,971","2,083","2,169","2,365","2,433","2,330","2,469","2,555","2,549","2,473","2,516","2,483","2,463","2,416","2,332","2,275","2,162","2,168","2,107","2,005","1,882","1,899","1,903","1,835","2,014","2,016","2,039","2,075","2,273","1,665","1,668","1,668","1,644","1,498","1,462","1,451","1,558","1,447","1,360","1,305","1,301","1,187","1,131","1,092","1,068","1,004",946,836,829,759,712,674,586,535,510,463,270,212,201,766
S12000015,Fife,"357,260","3,933","3,848","3,857","3,720","3,618","3,850","3,729","4,039","4,055","4,102","4,186","4,295","4,331","4,303","4,507","4,414","4,320","4,436","4,621","4,898","5,101","4,990","4,752","4,493","4,376","4,316","4,177","3,938","3,605","3,601","4,054","3,997","4,109","4,455","4,837","5,120","5,127","5,440","5,529","5,582","5,489","5,586","5,620","5,543","5,497","5,392","5,338","5,238","5,152","4,977","4,884","4,688","4,705","4,533","4,480","4,639","4,722","4,960","5,210","5,732","4,412","4,247","4,326","4,057","3,807","3,434","3,524","3,511","3,327","3,375","3,285","3,117","2,936","2,812","2,681","2,591","2,587","2,309","2,158","2,163","2,095","1,823","1,762","1,487","1,437","1,361","1,282",821,632,563,"2,292"
S12000046,Glasgow City,"568,460","6,663","6,470","6,010","5,743","5,550","5,663","5,693","5,718","5,952","6,191","5,981","5,988","6,069","6,651","7,011","6,851","7,023","7,452","8,760","9,795","10,302","10,383","9,707","10,168","10,087","10,401","9,939","9,397","8,541","7,895","8,235","8,111","7,765","8,181","8,555","8,830","8,534","8,709","8,815","8,555","8,768","8,806","8,928","8,759","8,767","8,395","7,995","8,035","7,519","7,491","7,358","6,906","6,567","6,324","5,879","5,886","5,860","5,881","6,110","6,366","5,118","4,918","4,963","5,003","4,659","4,586","4,718","4,745","4,737","4,641","4,510","4,727","4,243","4,147","4,389","4,030","3,742","3,529","3,193","2,959","2,949","2,618","2,419","2,128","2,074","1,942","1,820","1,115",880,804,"3,210"
S12000017,Highland,"220,780","2,255","2,259","2,296","2,269","2,272","2,391","2,311","2,602","2,632","2,616","2,644","2,717","2,869","2,835","2,814","2,828","2,725","2,652","2,432","2,221","2,190","2,220","2,149","2,041","2,239","2,472","2,319","2,263","2,128","2,104","2,320","2,376","2,372","2,605","2,840","2,967","2,997","3,049","3,256","3,382","3,475","3,663","3,615","3,503","3,388","3,524","3,402","3,368","3,360","3,303","3,241","3,179","3,219","3,271","3,190","3,238","3,230","3,392","3,546","3,545","2,856","2,729","2,893","2,813","2,608","2,329","2,419","2,290","2,300","2,117","2,080","1,972","1,924","1,816","1,819","1,717","1,634","1,591","1,395","1,355","1,274","1,147","1,096",923,880,847,748,483,397,335,"1,412"
S12000018,Inverclyde,"82,320",827,892,846,820,750,834,854,910,902,966,"1,012",986,"1,005","1,004","1,117","1,100","1,085","1,039","1,101","1,034","1,090","1,062",993,995,998,971,968,867,824,791,844,899,859,"1,004","1,066","1,099","1,093","1,142","1,243","1,296","1,315","1,317","1,364","1,420","1,409","1,334","1,325","1,285","1,204","1,232","1,178","1,099","1,070","1,058","1,023","1,167","1,080","1,091","1,123","1,185","1,005",887,995,938,823,844,814,830,853,766,795,724,680,680,719,700,622,606,491,469,493,430,385,356,310,334,290,187,155,144,528
S12000019,Midlothian,"79,990",872,849,883,861,831,940,968,"1,016",997,"1,015",971,"1,029","1,044","1,000","1,122","1,102","1,028","1,021","1,032",926,940,891,889,833,843,814,827,815,730,775,800,870,927,941,"1,083","1,201","1,210","1,194","1,302","1,273","1,263","1,297","1,282","1,367","1,291","1,234","1,268","1,228","1,211","1,183","1,120","1,077","1,114","1,104","1,074","1,085","1,124","1,188","1,172","1,319","1,041",977,959,889,795,793,788,785,773,726,741,701,654,580,628,574,552,540,429,429,382,355,340,287,266,272,271,132,117,101,447
S12000020,Moray,"90,780",868,900,883,907,885,976,"1,010","1,064","1,110","1,137","1,146","1,154","1,167","1,158","1,248","1,163","1,181","1,164","1,056","1,053","1,024","1,051",980,986,989,"1,034","1,036","1,031",935,979,"1,056","1,062","1,135","1,151","1,255","1,373","1,310","1,388","1,380","1,504","1,472","1,464","1,416","1,513","1,414","1,414","1,325","1,299","1,294","1,262","1,292","1,183","1,203","1,212","1,106","1,227","1,242","1,194","1,296","1,400","1,078","1,048","1,084","1,058","1,005",920,953,892,919,866,830,887,821,766,710,698,639,622,598,532,506,469,407,354,352,330,320,204,149,143,503
S12000013,Na h-Eileanan Siar,"27,060",252,229,285,275,258,256,277,298,281,335,354,303,358,313,367,337,373,339,306,265,229,240,228,207,228,243,253,270,219,275,298,260,257,316,359,324,348,405,411,400,376,370,409,400,429,382,411,393,370,401,369,401,353,393,406,374,434,433,425,473,391,340,351,346,308,339,338,320,315,291,272,285,275,266,250,215,218,235,193,177,183,167,172,154,164,120,131,76,58,53,224
S12000021,North Ayrshire,"136,790","1,487","1,390","1,407","1,427","1,449","1,419","1,454","1,497","1,586","1,677","1,712","1,777","1,815","1,772","1,796","1,891","1,716","1,748","1,777","1,670","1,629","1,595","1,492","1,523","1,542","1,487","1,427","1,411","1,299","1,241","1,465","1,422","1,571","1,574","1,742","1,907","1,923","1,978","2,005","2,168","2,061","2,156","2,191","2,166","2,121","1,990","2,014","2,080","1,982","1,945","1,925","1,838","1,840","1,877","1,805","1,823","1,858","1,961","2,076","2,240","1,693","1,631","1,751","1,644","1,574","1,456","1,563","1,445","1,478","1,321","1,303","1,256","1,218","1,180","1,138","1,074",982,943,850,749,785,661,588,561,540,519,496,295,230,210,839
S12000044,North Lanarkshire,"328,740","3,850","3,910","3,951","3,770","3,744","3,751","3,757","4,062","4,052","4,257","4,101","4,032","4,178","4,174","4,477","4,408","4,212","4,202","4,307","4,181","4,263","4,320","4,171","4,283","4,344","4,406","4,391","4,094","3,814","3,636","4,232","4,125","4,289","4,512","4,915","4,978","5,235","5,357","5,401","5,425","5,378","5,530","5,279","5,226","5,324","5,039","4,851","4,746","4,759","4,605","4,458","4,285","4,284","4,248","3,961","3,898","4,097","4,128","4,276","4,464","3,536","3,375","3,552","3,497","3,129","2,996","3,136","3,094","3,029","2,797","2,766","2,632","2,469","2,424","2,261","2,113","2,113","1,903","1,643","1,560","1,493","1,267","1,242","1,009",971,903,780,541,407,352,"1,347"
S12000023,Orkney Islands,"20,340",196,198,175,185,186,173,197,235,215,264,261,277,290,266,295,297,297,272,245,207,175,209,164,177,181,193,177,193,175,168,181,211,198,231,238,275,294,263,316,338,351,331,330,345,301,318,311,297,275,324,296,284,292,312,289,316,272,318,312,340,262,255,300,285,292,210,285,228,228,202,184,195,171,149,148,152,164,152,130,105,115,115,99,77,93,87,73,53,41,35,153
S12000024,Perth and Kinross,"139,380","1,300","1,387","1,388","1,364","1,371","1,545","1,538","1,542","1,639","1,711","1,617","1,652","1,789","1,808","1,750","1,729","1,441","1,527","1,381","1,225","1,275","1,363","1,475","1,397","1,431","1,460","1,333","1,330","1,272","1,259","1,301","1,350","1,523","1,570","1,783","1,869","1,833","1,978","2,098","2,151","2,177","2,310","2,282","2,292","2,177","2,148","1,925","2,116","2,078","1,997","1,946","1,967","1,954","2,056","1,888","1,946","2,012","2,044","2,184","2,375","1,875","1,787","1,733","1,750","1,690","1,467","1,554","1,625","1,442","1,479","1,408","1,431","1,291","1,215","1,284","1,250","1,135","1,099",990,"1,026",917,824,832,720,694,628,589,357,306,261,"1,092"
S12000038,Renfrewshire,"171,270","1,848","1,901","1,876","1,750","1,780","1,869","1,860","1,893","1,949","2,072","1,966","1,970","2,104","2,175","2,259","2,256","2,211","2,031","2,140","2,167","2,065","2,123","1,999","2,089","2,084","2,210","2,052","1,900","1,830","1,764","1,765","1,945","2,007","2,103","2,295","2,461","2,602","2,655","2,793","2,807","2,835","2,932","2,912","2,754","2,927","2,923","2,657","2,668","2,653","2,454","2,390","2,263","2,302","2,199","2,094","2,287","2,187","2,290","2,256","2,613","1,924","1,907","2,036","1,843","1,772","1,716","1,637","1,717","1,653","1,620","1,571","1,534","1,420","1,272","1,354","1,315","1,229","1,127",981,930,907,822,680,654,620,523,559,318,251,237,919
S12000026,Scottish Borders,"110,860","1,092","1,110","1,132","1,111","1,178","1,142","1,240","1,217","1,228","1,316","1,363","1,346","1,346","1,427","1,348","1,346","1,372","1,203","1,144","1,074","1,036","1,036",965,982,895,971,962,957,852,902,982,"1,115","1,110","1,215","1,460","1,480","1,533","1,655","1,700","1,753","1,765","1,804","1,764","1,872","1,740","1,739","1,727","1,761","1,690","1,617","1,596","1,561","1,547","1,544","1,492","1,567","1,580","1,671","1,762","2,011","1,509","1,396","1,501","1,516","1,264","1,215","1,262","1,344","1,230","1,185","1,150","1,115","1,064","1,008",994,979,936,853,821,761,748,684,614,556,521,524,474,295,232,211,792
S12000027,Shetland Islands,"22,210",263,229,247,261,238,251,295,258,282,295,288,307,303,327,340,328,333,305,249,250,221,229,195,201,231,248,248,265,215,286,234,288,258,314,327,315,302,321,337,309,362,323,383,371,360,335,320,298,321,284,319,336,305,307,306,315,316,311,305,340,250,274,260,282,260,204,227,192,193,189,176,167,171,146,144,132,131,142,124,112,90,119,96,88,90,86,87,39,41,37,151
S12000028,South Ayrshire,"112,100",981,"1,078","1,042","1,005","1,043","1,073","1,102","1,158","1,268","1,273","1,259","1,290","1,367","1,335","1,352","1,318","1,400","1,313","1,296","1,275","1,220","1,203","1,219","1,043","1,150","1,144","1,060","1,089",963,941,998,"1,107","1,147","1,260","1,412","1,452","1,490","1,413","1,623","1,602","1,594","1,757","1,772","1,703","1,776","1,768","1,660","1,700","1,719","1,643","1,580","1,584","1,577","1,589","1,562","1,555","1,555","1,696","1,690","1,925","1,518","1,519","1,487","1,476","1,389","1,238","1,333","1,232","1,273","1,260","1,240","1,186","1,095","1,114","1,071","1,021",952,873,791,760,852,716,662,587,585,510,497,282,246,265,901
S12000029,South Lanarkshire,"308,450","3,455","3,340","3,328","3,176","3,238","3,305","3,490","3,587","3,491","3,743","3,661","3,659","3,987","3,926","4,093","3,997","3,798","3,656","3,709","3,596","3,704","3,746","3,698","3,540","3,639","3,846","3,739","3,449","3,379","3,207","3,527","3,686","3,740","4,117","4,310","4,618","4,583","4,870","4,942","4,956","4,850","5,003","5,225","5,074","4,969","4,914","4,945","4,808","4,675","4,610","4,500","4,301","4,338","4,129","4,074","3,909","3,875","4,041","4,183","4,521","3,472","3,314","3,503","3,441","3,160","3,013","3,037","2,965","2,961","2,881","2,842","2,572","2,503","2,437","2,379","2,263","2,115","2,034","1,814","1,710","1,644","1,400","1,362","1,134","1,052","1,014",963,590,458,396,"1,546"
S12000030,Stirling,"88,090",898,937,987,951,893,992,"1,025","1,081","1,086","1,112","1,056","1,090","1,038",981,"1,141","1,107","1,091","1,222","1,601","1,497","1,432","1,353","1,187","1,122","1,089","1,047",952,908,827,822,813,883,874,"1,029","1,146","1,233","1,335","1,291","1,349","1,305","1,404","1,482","1,448","1,418","1,330","1,378","1,306","1,256","1,224","1,199","1,140","1,091","1,138","1,122","1,099","1,138","1,133","1,149","1,232","1,394","1,046",928,"1,047",982,921,868,861,895,807,851,810,746,709,683,699,625,588,526,523,459,452,470,394,339,333,327,308,196,136,142,555
S12000039,West Dunbartonshire,"91,410","1,027",978,951,926,907,891,990,"1,001","1,032","1,070","1,056","1,100","1,153","1,186","1,238","1,200","1,208","1,182","1,241","1,197","1,271","1,238","1,193","1,214","1,191","1,253","1,100","1,038",988,980,"1,032","1,044","1,018","1,100","1,154","1,303","1,292","1,398","1,457","1,499","1,478","1,500","1,506","1,521","1,396","1,475","1,413","1,397","1,438","1,279","1,347","1,285","1,240","1,141","1,174","1,167","1,106","1,166","1,283","1,258","1,054",960,"1,025",966,897,817,832,884,820,802,783,792,717,755,747,676,646,609,526,529,503,449,397,340,326,344,295,211,162,142,537
S12000040,West Lothian,"167,110","2,134","2,129","2,111","2,008","2,041","2,044","2,071","2,256","2,197","2,235","2,254","2,211","2,260","2,286","2,222","2,261","2,123","2,130","2,020","2,076","2,017","1,961","1,832","1,921","1,994","2,046","2,003","1,997","1,918","1,910","2,150","2,213","2,306","2,491","2,693","2,937","2,740","2,971","3,019","3,063","2,873","3,062","2,879","2,847","2,797","2,707","2,546","2,619","2,468","2,270","2,249","2,081","2,125","2,072","2,059","2,091","2,037","2,127","2,247","2,303","1,861","1,794","1,750","1,723","1,567","1,489","1,446","1,480","1,361","1,298","1,257","1,207","1,058",932,"1,014",912,860,756,707,664,608,552,504,427,371,383,327,220,162,140,570
,,,,,,,,,,,,,,,,,,,,,,,,,,,,,,,,,,,,,,,,,,,,,,,,,,,,,,,,,,,,,,,,,,,,,,,,,,,,,,,,,,,,,,,,,,,,,
,,,,,,,,,,,,,,,,,,,,,,,,,,,,,,,,,,,,,,,,,,,,,,,,,,,,,,,,,,,,,,,,,,,,,,,,,,,,,,,,,,,,,,,,,,,,,
Code,Males,All Ages,0,1,2,3,4,5,6,7,8,9,10,11,12,13,14,15,16,17,18,19,20,21,22,23,24,25,26,27,28,29,30,31,32,33,34,35,36,37,38,39,40,41,42,43,44,45,46,47,48,49,50,51,52,53,54,55,56,57,58,59,60,61,62,63,64,65,66,67,68,69,70,71,72,73,74,75,76,77,78,79,80,81,82,83,84,85,86,87,88,89,90+
,,,,,,,,,,,,,,,,,,,,,,,,,,,,,,,,,,,,,,,,,,,,,,,,,,,,,,,,,,,,,,,,,,,,,,,,,,,,,,,,,,,,,,,,,,,,,
S92000003,Scotland,"2,475,064","28,202","28,119","27,771","26,701","26,424","27,062","28,242","29,207","29,757","30,855","30,643","30,996","31,779","31,988","32,934","32,962","32,196","32,349","33,489","33,922","34,632","34,489","32,638","32,810","33,019","33,957","32,944","31,531","28,688","27,973","29,597","29,650","30,436","32,265","34,171","35,899","35,698","37,326","38,082","39,364","38,619","40,201","39,633","39,687","39,534","38,496","37,498","37,055","36,237","35,603","34,872","33,402","33,216","32,691","31,533","32,182","32,646","33,624","34,687","37,501","28,920","27,343","28,126","26,746","24,656","22,965","23,641","23,310","22,743","21,557","20,962","20,109","18,781","17,856","17,474","16,387","15,156","14,115","12,524","11,804","11,005","9,713","8,777","7,250","6,873","6,186","5,590","3,197","2,381","2,139","7,094"
S12000033,Aberdeen City,"103,139","1,096","1,063",983,981,941,933,971,989,"1,001","1,039","1,040","1,084","1,118","1,110","1,171","1,129","1,103","1,358","1,632","1,775","1,895","1,832","1,768","1,776","1,849","2,038","2,083","1,839","1,678","1,664","1,580","1,537","1,512","1,612","1,583","1,582","1,436","1,563","1,516","1,606","1,460","1,563","1,536","1,595","1,550","1,459","1,512","1,470","1,483","1,461","1,440","1,419","1,423","1,329","1,290","1,290","1,336","1,346","1,347","1,445","1,084",861,924,950,894,808,834,785,840,775,739,746,770,685,688,627,596,554,458,522,428,385,321,270,259,263,258,122,96,89,288
S12000034,Aberdeenshire,"119,268","1,371","1,326","1,340","1,320","1,302","1,375","1,523","1,515","1,567","1,602","1,569","1,616","1,739","1,688","1,594","1,682","1,626","1,605","1,495","1,431","1,354","1,352","1,262","1,220","1,206","1,248","1,215","1,153","1,119","1,139","1,218","1,247","1,406","1,557","1,588","1,741","1,743","1,882","1,898","1,971","1,958","2,007","2,019","1,998","1,975","1,938","1,831","1,881","1,961","1,844","1,862","1,767","1,833","1,684","1,672","1,740","1,724","1,854","1,924","1,975","1,530","1,383","1,407","1,340","1,214","1,061","1,186","1,125","1,072",975,"1,011",921,825,811,751,704,685,647,558,532,455,485,414,319,330,271,260,151,113,107,373
S12000041,Angus,"54,275",555,587,625,578,575,643,661,628,666,725,675,678,767,713,717,809,719,665,651,604,614,619,596,564,564,565,512,568,510,496,554,550,574,674,710,701,714,762,745,793,789,880,895,848,918,768,862,798,774,730,776,736,738,811,725,784,852,804,901,950,701,689,703,658,621,596,590,554,546,569,554,510,481,428,430,444,422,330,350,280,287,242,212,193,189,155,157,95,67,62,195
S12000035,Argyll and Bute,"44,988",394,404,445,411,414,427,471,484,535,571,524,576,580,566,559,557,512,562,540,580,615,570,588,550,533,549,565,522,476,418,444,437,444,489,498,463,530,544,642,708,657,697,695,718,743,705,657,628,622,678,692,654,629,612,580,655,647,700,665,818,608,663,649,596,586,544,550,529,499,466,451,429,405,386,383,366,319,328,285,231,233,238,188,173,135,131,130,69,48,49,172
S12000036,City of Edinburgh,"218,262","2,528","2,327","2,253","2,175","2,123","2,010","2,152","2,138","2,164","2,277","2,275","2,246","2,166","2,350","2,444","2,474","2,397","2,663","2,764","3,432","3,828","4,043","3,729","4,232","4,344","4,330","4,408","4,262","3,832","3,677","3,678","3,566","3,565","3,489","3,494","3,638","3,448","3,376","3,513","3,498","3,324","3,453","3,244","3,386","3,222","3,234","3,057","3,020","2,971","2,910","2,850","2,677","2,623","2,577","2,562","2,481","2,506","2,595","2,597","2,915","2,006","1,978","1,967","1,856","1,657","1,615","1,680","1,632","1,581","1,570","1,589","1,477","1,449","1,388","1,279","1,352","1,197","1,128","1,055",976,892,836,779,653,648,581,528,315,223,191,672
S12000005,Clackmannanshire,"23,977",271,268,261,254,286,248,300,322,282,289,329,321,340,332,302,314,287,271,304,252,296,230,255,274,264,307,320,284,255,262,283,306,270,333,378,356,376,439,408,461,403,407,401,408,384,394,377,385,326,345,299,330,311,329,333,312,338,362,357,384,311,289,315,279,254,221,212,205,240,205,181,190,176,169,172,139,146,128,112,93,81,55,77,65,73,45,48,29,19,18,55
S12000006,Dumfries and Galloway,"72,469",746,742,710,732,709,732,773,819,860,828,945,930,969,918,928,965,948,906,875,802,754,798,688,652,633,702,650,606,590,593,645,657,704,724,874,910,944,981,939,"1,072","1,098","1,188","1,134","1,177","1,150","1,128","1,071","1,067","1,073","1,029","1,046","1,030","1,050",977,"1,010","1,078","1,121","1,149","1,230","1,274","1,030",990,"1,040",972,934,894,913,847,859,856,807,730,708,739,664,644,582,524,466,484,461,399,308,300,252,237,215,125,96,83,277
S12000042,Dundee City,"68,351",772,845,755,724,697,695,684,732,783,803,800,761,770,851,796,881,868,985,"1,027","1,295","1,377","1,400","1,269","1,237","1,204","1,210","1,171","1,046",841,798,786,751,772,763,804,921,869,912,878,907,963,936,970,"1,012",965,943,977,931,960,946,860,848,828,773,812,809,771,895,868,"1,005",738,700,723,685,654,597,671,661,657,585,613,566,539,528,503,498,452,464,397,348,312,340,317,238,230,205,178,91,61,67,221
S12000008,East Ayrshire,"58,146",649,648,683,619,594,653,647,642,766,734,715,793,797,806,812,793,807,833,804,768,762,707,669,688,639,652,638,644,609,561,652,688,656,762,836,851,861,927,873,921,948,"1,018",941,909,881,892,804,922,831,841,777,765,790,823,725,795,845,822,835,930,710,710,708,695,577,590,565,636,576,528,494,498,474,456,405,418,334,325,315,273,254,228,197,169,147,144,129,82,58,47,151
S12000045,East Dunbartonshire,"50,786",488,503,543,542,565,576,603,650,711,643,728,713,769,767,752,786,784,737,678,667,630,665,571,556,577,544,526,498,423,455,425,371,445,491,519,572,660,667,693,750,721,847,808,835,846,856,795,876,811,804,807,774,712,739,652,709,718,703,756,824,650,623,623,575,517,481,539,506,516,521,485,464,459,416,421,367,369,338,288,263,242,199,191,172,152,134,120,64,57,45,153
S12000010,East Lothian,"45,070",567,531,547,480,528,490,551,591,554,649,621,643,658,625,689,622,588,516,579,540,461,468,409,413,383,446,369,413,365,393,407,492,500,619,580,654,681,708,715,771,743,814,747,781,754,774,714,731,688,731,692,598,619,597,573,591,579,575,670,707,558,505,553,503,502,462,426,400,484,407,389,361,387,331,378,331,286,291,258,250,248,230,166,164,139,128,117,74,46,49,153
S12000011,East Renfrewshire,"42,695",430,488,524,492,532,551,591,611,638,636,630,693,671,627,674,617,683,683,557,543,502,510,487,426,398,452,410,341,350,343,354,317,453,416,486,508,558,605,578,650,720,665,755,732,730,721,703,767,698,696,720,632,590,580,579,529,589,569,604,633,514,467,445,417,404,404,378,409,427,381,374,333,332,311,314,298,275,244,217,199,238,183,165,131,138,110,92,53,52,41,122
S12000014,Falkirk,"73,170",896,908,849,842,815,831,895,854,928,978,901,919,887,945,914,980,937,901,956,986,938,889,829,802,846,893,895,876,904,873,878,948,"1,024","1,033","1,140","1,185","1,145","1,205","1,212","1,256","1,182","1,265","1,229","1,217","1,189","1,142","1,152","1,048","1,114","1,035",969,883,933,932,886,956,"1,006","1,004","1,023","1,148",813,839,787,819,678,681,682,716,677,630,611,607,551,500,480,464,420,406,343,347,303,247,265,214,207,153,149,75,55,54,191
S12000015,Fife,"172,259","1,986","1,948","1,986","1,902","1,850","1,971","1,987","2,109","1,989","2,074","2,162","2,153","2,168","2,154","2,314","2,225","2,182","2,213","2,313","2,394","2,566","2,491","2,373","2,185","2,215","2,105","2,092","1,931","1,763","1,766","2,000","1,919","2,042","2,170","2,332","2,424","2,489","2,628","2,666","2,802","2,636","2,700","2,744","2,659","2,653","2,697","2,699","2,549","2,476","2,507","2,379","2,296","2,332","2,224","2,201","2,252","2,305","2,418","2,513","2,837","2,169","2,093","2,047","1,945","1,861","1,666","1,639","1,680","1,583","1,558","1,477","1,428","1,342","1,297","1,212","1,100","1,065",983,900,947,803,676,671,486,508,472,424,241,190,160,520
S12000046,Glasgow City,"270,354","3,456","3,346","3,100","2,927","2,819","2,884","2,943","2,904","3,035","3,154","3,083","3,055","3,094","3,376","3,587","3,488","3,671","3,695","4,361","4,620","4,887","4,938","4,615","4,947","4,929","5,017","4,822","4,658","4,236","3,835","3,992","3,985","3,803","3,999","4,192","4,288","4,120","4,188","4,196","4,199","4,165","4,198","4,169","4,200","4,230","3,922","3,856","3,852","3,531","3,696","3,538","3,496","3,231","3,203","2,897","2,991","2,905","2,950","3,053","3,148","2,501","2,393","2,411","2,375","2,246","2,088","2,161","2,100","2,093","2,044","1,924","1,943","1,716","1,702","1,765","1,600","1,461","1,341","1,187","1,062","1,082",917,844,676,646,565,493,281,207,192,663
S12000017,Highland,"107,668","1,155","1,168","1,162","1,141","1,165","1,245","1,195","1,392","1,368","1,384","1,322","1,407","1,435","1,382","1,432","1,429","1,423","1,371","1,334","1,205","1,202","1,191","1,143","1,026","1,099","1,269","1,147","1,158","1,049","1,040","1,149","1,175","1,125","1,231","1,342","1,408","1,382","1,412","1,574","1,639","1,700","1,742","1,710","1,739","1,700","1,692","1,721","1,644","1,638","1,649","1,606","1,579","1,626","1,584","1,570","1,605","1,621","1,714","1,791","1,783","1,423","1,387","1,462","1,358","1,290","1,071","1,159","1,116","1,093","1,000",967,915,918,829,808,786,746,685,578,558,519,463,419,323,318,272,240,139,117,101,318
S12000018,Inverclyde,"39,223",415,465,439,427,377,425,438,459,498,502,516,496,484,514,569,573,538,545,553,536,559,528,504,493,518,489,465,421,426,403,415,414,403,475,532,512,503,517,552,620,616,658,645,703,711,661,619,594,593,592,595,540,509,518,500,579,539,542,535,579,502,429,489,435,390,393,361,379,405,328,350,342,293,273,299,264,234,232,201,169,180,168,150,116,84,102,76,48,37,35,113
S12000019,Midlothian,"38,201",418,437,469,449,437,453,480,478,516,489,500,530,529,515,563,563,529,536,518,479,484,448,460,422,414,381,396,371,334,363,381,407,446,443,502,561,585,538,605,620,586,617,612,612,625,581,615,575,576,550,561,512,556,536,537,512,561,582,569,619,492,502,455,424,378,382,359,381,363,349,332,312,283,263,273,263,241,229,177,212,158,116,129,102,90,99,104,35,27,23,105
S12000020,Moray,"45,100",467,439,439,462,480,494,542,542,577,585,583,599,581,562,637,621,592,602,541,586,573,570,519,526,507,553,561,562,496,522,542,532,590,568,617,666,634,717,720,756,735,723,728,781,728,740,682,660,683,632,666,568,601,606,560,593,611,596,646,650,549,486,536,505,487,438,471,440,442,425,398,391,382,352,296,296,281,287,257,213,202,189,163,125,127,129,110,63,39,47,123
S12000013,Na h-Eileanan Siar,"13,344",120,116,133,139,124,112,153,150,142,171,172,150,172,158,189,175,198,183,156,157,135,134,125,123,120,120,126,136,112,138,141,132,125,159,195,171,161,201,193,215,179,189,208,198,224,195,211,215,188,210,179,201,188,216,199,185,226,229,236,245,205,176,190,163,165,155,156,172,151,138,125,152,130,105,120,98,93,104,75,72,73,63,57,58,49,29,39,15,12,11,40
S12000021,North Ayrshire,"64,814",749,712,707,730,722,713,742,750,814,873,857,911,911,921,923,978,875,891,887,838,800,789,727,736,761,726,680,668,587,565,677,622,780,754,792,860,913,945,937,"1,010",954,"1,019","1,042",966,"1,046",947,969,998,931,927,917,902,866,875,887,906,918,939,998,"1,079",838,789,861,762,711,676,746,714,684,608,616,574,538,528,505,450,418,363,325,311,300,263,214,217,181,157,145,82,65,63,191
S12000044,North Lanarkshire,"158,285","1,985","2,013","2,041","1,920","1,873","1,881","1,917","2,118","2,031","2,189","2,120","2,083","2,183","2,135","2,293","2,260","2,169","2,097","2,221","2,047","2,103","2,092","2,074","2,177","2,188","2,212","2,153","2,034","1,800","1,767","2,069","2,023","2,101","2,221","2,279","2,391","2,505","2,586","2,583","2,689","2,630","2,648","2,580","2,443","2,647","2,467","2,321","2,271","2,252","2,255","2,149","2,051","2,072","2,074","1,898","1,879","2,020","2,020","2,046","2,203","1,726","1,599","1,689","1,622","1,485","1,420","1,479","1,415","1,368","1,213","1,195","1,170","1,080","1,070","1,015",871,878,784,669,619,572,471,433,349,346,277,246,173,116,87,299
S12000023,Orkney Islands,"10,013",97,95,93,88,88,83,92,135,122,150,151,136,134,119,145,151,160,141,129,105,93,111,87,93,97,96,91,86,85,77,92,94,83,116,111,117,145,134,163,177,176,159,172,188,162,164,162,149,143,151,135,143,165,152,138,155,135,177,150,181,126,121,153,134,135,101,144,125,111,93,91,104,80,69,62,65,75,77,59,43,47,48,48,32,34,30,19,12,12,9,35
S12000024,Perth and Kinross,"67,203",647,694,724,703,715,767,799,795,855,850,795,840,935,902,907,863,747,784,724,591,647,659,755,721,708,763,654,697,644,616,645,662,696,738,838,853,875,946,965,"1,048","1,096","1,125","1,143","1,132","1,073","1,047",966,"1,037","1,035",946,931,973,962,"1,011",902,943,"1,000",998,"1,104","1,170",948,845,871,821,782,688,752,772,686,686,644,676,608,586,592,563,489,458,433,414,389,304,313,268,259,224,186,119,93,84,289
S12000038,Renfrewshire,"81,854",931,970,949,885,893,933,939,970,999,"1,101",998,"1,003","1,086","1,138","1,107","1,179","1,143","1,024","1,096","1,097","1,069","1,102",999,"1,030","1,043","1,095",998,939,876,855,893,930,924,985,"1,022","1,144","1,197","1,253","1,340","1,293","1,322","1,434","1,392","1,320","1,418","1,376","1,309","1,316","1,284","1,215","1,163","1,085","1,101","1,097","1,034","1,070","1,070","1,088","1,096","1,289",910,903,985,899,827,817,762,774,756,699,709,683,607,541,584,555,509,487,409,376,348,317,244,219,224,166,193,96,72,67,209
S12000026,Scottish Borders,"53,675",574,569,584,576,590,602,606,646,595,677,698,678,684,711,672,672,693,643,612,521,532,505,456,462,448,507,500,472,436,448,468,538,518,563,691,695,747,820,847,839,866,902,833,924,894,870,845,837,829,785,788,800,775,751,750,775,783,816,862,981,757,681,732,748,609,553,615,639,595,546,583,516,475,439,458,451,426,393,379,330,298,283,225,217,188,190,155,100,74,63,196
S12000027,Shetland Islands,"11,145",128,131,133,136,127,125,155,118,141,145,141,159,162,167,180,153,162,147,135,149,130,130,104,105,122,131,131,137,111,130,125,149,115,172,165,154,146,156,161,161,187,168,187,197,178,178,162,152,158,135,169,163,165,147,172,165,169,167,177,198,134,126,141,144,122,99,119,102,93,93,95,70,91,60,65,72,61,63,40,42,35,50,37,28,20,29,33,14,10,5,29
S12000028,South Ayrshire,"53,283",504,535,534,516,543,565,598,594,633,630,621,658,671,672,674,667,689,655,668,653,621,609,602,535,559,566,533,556,434,414,485,514,586,615,663,705,686,672,781,776,734,844,850,779,863,875,806,812,803,779,769,773,748,780,756,754,748,847,826,946,724,731,718,711,643,583,641,588,589,596,570,561,488,505,479,433,386,364,316,298,351,248,268,229,221,173,152,87,69,70,207
S12000029,South Lanarkshire,"147,565","1,723","1,712","1,680","1,565","1,647","1,659","1,792","1,815","1,811","1,894","1,912","1,873","2,011","1,989","2,062","2,055","1,943","1,872","1,941","1,844","1,876","1,894","1,830","1,767","1,793","1,888","1,905","1,696","1,592","1,570","1,710","1,761","1,800","1,955","2,054","2,212","2,193","2,362","2,395","2,351","2,323","2,389","2,410","2,447","2,401","2,404","2,429","2,280","2,335","2,184","2,170","2,028","2,115","2,043","2,004","1,946","1,884","1,966","2,002","2,188","1,670","1,610","1,667","1,642","1,464","1,397","1,384","1,369","1,373","1,321","1,282","1,135","1,077","1,044","1,032",939,853,787,702,681,635,509,499,375,351,355,302,169,122,108,359
S12000030,Stirling,"42,202",456,490,532,501,483,490,515,563,562,569,529,564,552,494,565,557,559,607,750,723,704,634,604,573,537,526,447,453,357,377,373,401,413,446,542,573,613,603,641,615,671,719,706,665,642,668,655,648,608,608,577,538,518,557,543,556,571,579,601,684,535,422,509,476,410,414,410,430,374,400,368,354,323,324,302,280,250,200,204,194,165,166,158,122,110,113,107,59,40,42,134
S12000039,West Dunbartonshire,"43,284",522,518,488,480,432,451,485,507,532,554,573,558,620,584,641,617,609,579,627,643,624,620,583,593,577,594,515,509,477,466,486,497,479,525,539,625,587,631,701,719,685,742,708,721,674,718,715,664,684,599,664,614,585,567,580,558,539,581,600,599,551,476,512,426,423,368,370,403,370,343,348,364,314,306,306,265,238,250,214,167,170,167,138,98,99,113,80,50,45,35,111
S12000040,West Lothian,"80,996","1,106","1,121","1,060","1,004",978,"1,045","1,042","1,187","1,082","1,090","1,158","1,170","1,136","1,197","1,122","1,127","1,055","1,079","1,061","1,059","1,001",961,958,906,944,983,966,995,921,949,"1,050","1,028","1,082","1,168","1,273","1,458","1,252","1,446","1,452","1,471","1,392","1,485","1,420","1,397","1,358","1,340","1,244","1,278","1,178","1,133","1,126","1,027","1,022",987,"1,006","1,029","1,009","1,037","1,105","1,114",907,877,854,811,736,702,687,706,640,649,590,587,480,415,433,384,369,321,297,298,244,228,167,149,119,134,105,69,43,35,130
,,,,,,,,,,,,,,,,,,,,,,,,,,,,,,,,,,,,,,,,,,,,,,,,,,,,,,,,,,,,,,,,,,,,,,,,,,,,,,,,,,,,,,,,,,,,,
,,,,,,,,,,,,,,,,,,,,,,,,,,,,,,,,,,,,,,,,,,,,,,,,,,,,,,,,,,,,,,,,,,,,,,,,,,,,,,,,,,,,,,,,,,,,,
Code,Females,All Ages,0,1,2,3,4,5,6,7,8,9,10,11,12,13,14,15,16,17,18,19,20,21,22,23,24,25,26,27,28,29,30,31,32,33,34,35,36,37,38,39,40,41,42,43,44,45,46,47,48,49,50,51,52,53,54,55,56,57,58,59,60,61,62,63,64,65,66,67,68,69,70,71,72,73,74,75,76,77,78,79,80,81,82,83,84,85,86,87,88,89,90+
,,,,,,,,,,,,,,,,,,,,,,,,,,,,,,,,,,,,,,,,,,,,,,,,,,,,,,,,,,,,,,,,,,,,,,,,,,,,,,,,,,,,,,,,,,,,,
S92000003,Scotland,"2,657,936","26,915","26,520","26,152","25,617","25,466","26,322","26,403","27,728","28,427","29,173","28,999","29,317","30,502","31,001","32,237","31,811","30,946","31,141","32,371","33,859","34,743","35,201","33,316","33,537","34,042","34,131","33,297","31,370","29,537","28,725","30,777","31,584","31,952","34,310","37,011","38,910","38,652","40,138","41,127","41,294","41,364","42,574","42,636","42,417","41,010","40,494","39,082","39,086","38,082","37,080","35,924","34,597","34,202","33,596","32,550","33,243","33,334","34,497","35,737","38,927","29,862","28,840","29,521","29,229","27,305","25,879","26,605","26,316","25,919","25,394","24,871","24,290","23,251","22,459","22,721","21,822","21,075","19,893","18,254","17,587","17,310","15,729","14,971","13,519","13,033","12,541","11,949","7,538","6,142","5,564","23,554"
S12000033,Aberdeen City,"106,491","1,051","1,039",902,930,902,885,883,932,905,931,923,989,"1,038","1,066","1,058","1,142","1,131","1,323","1,701","1,823","2,088","2,114","1,885","2,044","1,919","1,840","1,801","1,630","1,494","1,392","1,437","1,336","1,371","1,429","1,483","1,529","1,486","1,500","1,437","1,486","1,532","1,611","1,556","1,548","1,547","1,478","1,547","1,547","1,476","1,412","1,381","1,355","1,283","1,217","1,261","1,230","1,228","1,342","1,300","1,459","1,051",946,967,985,966,898,964,946,912,929,945,896,896,892,928,858,861,817,789,717,690,654,626,566,541,542,484,272,243,207,938
S12000034,Aberdeenshire,"121,912","1,252","1,252","1,243","1,260","1,284","1,304","1,358","1,448","1,400","1,472","1,481","1,565","1,668","1,623","1,690","1,594","1,559","1,512","1,369","1,289","1,182","1,157","1,112","1,065","1,129","1,120","1,186","1,135","1,160","1,173","1,299","1,400","1,551","1,644","1,744","1,910","1,863","2,027","1,941","2,031","2,044","2,100","2,114","2,107","1,934","1,951","1,872","1,882","1,832","1,834","1,839","1,794","1,816","1,729","1,661","1,696","1,677","1,722","1,772","1,954","1,521","1,365","1,350","1,346","1,285","1,111","1,193","1,126","1,076","1,046","1,010",956,967,912,897,862,844,788,746,689,700,639,657,566,556,492,527,320,274,247,"1,062"
S12000041,Angus,"58,225",543,563,575,581,572,601,577,616,662,666,682,698,694,695,740,688,634,642,610,597,541,549,548,558,593,573,544,554,546,525,554,595,637,743,781,806,771,842,829,887,870,925,887,902,900,885,907,835,810,826,786,767,790,805,748,781,771,896,891,"1,038",712,746,747,712,677,612,679,602,648,618,584,606,558,499,559,540,482,502,460,434,444,392,378,359,315,296,287,182,157,148,658
S12000035,Argyll and Bute,"45,872",377,358,418,370,409,408,425,516,489,501,549,515,594,583,567,533,590,495,431,381,389,387,376,394,346,355,376,344,336,392,429,444,452,487,550,562,660,624,638,668,670,735,722,707,676,678,684,689,672,650,652,611,614,609,662,705,660,712,756,904,669,616,633,614,598,550,614,589,512,562,508,502,479,471,470,429,423,399,361,350,347,318,313,274,275,280,246,169,121,126,568
S12000036,City of Edinburgh,"233,778","2,312","2,112","2,057","1,960","1,959","1,959","1,970","2,088","2,074","1,976","2,132","2,046","2,011","2,020","2,326","2,318","2,404","2,472","2,930","3,802","4,359","4,574","4,392","4,550","4,872","4,619","4,637","4,152","3,716","3,569","3,646","3,625","3,500","3,462","3,551","3,615","3,372","3,397","3,474","3,437","3,404","3,392","3,421","3,502","3,312","3,282","3,191","3,134","3,032","3,099","2,721","2,671","2,649","2,617","2,532","2,590","2,650","2,691","2,647","3,034","2,254","2,066","2,067","2,071","1,931","1,830","1,920","1,933","1,999","1,884","1,884","1,849","1,782","1,824","1,855","1,838","1,776","1,676","1,590","1,640","1,513","1,372","1,360","1,248","1,223","1,177","1,145",696,566,529,"2,262"
S12000005,Clackmannanshire,"25,563",268,259,242,242,249,276,280,264,300,304,313,313,325,336,344,348,349,302,307,290,280,285,303,272,284,313,294,267,280,282,276,297,299,359,368,331,365,413,414,452,406,425,412,422,402,401,366,381,382,345,356,341,356,324,303,376,359,368,378,412,303,321,306,304,273,256,237,246,220,269,237,205,176,174,185,167,205,168,140,136,136,129,132,120,122,115,97,63,53,39,169
S12000006,Dumfries and Galloway,"77,301",722,707,695,684,647,678,717,719,876,850,833,911,949,952,926,934,869,815,822,729,690,692,705,644,696,672,713,687,658,583,713,738,743,833,885,982,982,"1,102","1,121","1,137","1,142","1,216","1,221","1,240","1,246","1,184","1,144","1,131","1,120","1,080","1,123","1,092","1,036","1,055","1,073","1,081","1,125","1,151","1,177","1,318","1,032","1,063","1,084","1,116","1,000",970,950,942,854,905,872,832,829,789,768,731,741,730,654,667,567,537,525,472,449,417,380,248,215,199,797
S12000042,Dundee City,"75,009",727,758,691,677,651,658,679,675,741,771,761,672,682,752,847,888,816,918,"1,189","1,533","1,581","1,530","1,341","1,226","1,236","1,189","1,080","1,021",851,815,845,809,784,852,882,949,904,990,968,981,"1,034","1,097","1,050","1,111","1,120","1,133","1,068",991,"1,007",985,906,869,812,877,820,812,922,879,953,"1,077",782,762,690,717,701,734,721,753,786,718,737,703,733,682,745,688,660,609,567,540,568,540,493,451,423,394,390,223,172,166,718
S12000008,East Ayrshire,"62,294",621,623,622,622,613,629,630,671,656,661,661,665,792,796,812,854,806,761,706,754,732,720,675,662,689,681,678,636,601,572,688,708,717,782,870,921,911,986,"1,036","1,056",979,"1,074",983,"1,002",938,968,925,883,880,902,812,811,797,825,785,775,822,842,906,"1,005",729,756,728,711,725,641,690,599,620,651,581,599,563,581,551,533,485,425,416,376,418,345,301,295,296,292,267,171,142,114,503
S12000045,East Dunbartonshire,"54,804",456,450,467,534,536,567,555,625,642,640,647,657,705,711,777,732,698,683,641,551,565,566,542,566,491,480,505,429,421,451,445,484,495,569,660,711,727,783,811,877,859,878,969,946,956,940,902,929,878,926,830,788,795,783,712,722,781,809,747,866,678,689,691,656,586,598,591,645,606,603,530,564,537,498,481,470,444,414,410,401,377,338,321,276,284,248,223,140,121,96,420
S12000010,East Lothian,"48,780",517,478,543,466,491,560,567,540,598,621,590,588,610,643,697,646,607,531,433,440,431,447,414,420,436,424,393,390,395,467,477,539,533,609,674,764,746,785,843,853,743,823,862,856,753,777,790,748,730,700,668,679,611,617,605,654,645,621,721,714,562,530,602,538,528,503,507,493,503,449,481,466,458,433,412,406,409,400,345,361,349,286,292,286,261,266,261,145,123,115,487
S12000011,East Renfrewshire,"47,055",427,495,492,486,515,506,536,559,578,615,582,601,636,658,635,598,594,623,548,508,499,479,435,421,411,409,372,391,385,368,404,405,457,539,549,657,632,703,768,768,757,815,839,805,813,760,810,761,742,726,708,700,641,604,612,588,578,634,659,710,483,511,541,526,459,472,458,431,483,452,469,449,443,399,435,394,389,384,348,351,320,272,290,242,255,240,227,151,128,97,450
S12000014,Falkirk,"77,920",880,871,803,827,749,824,785,873,854,859,848,937,873,929,903,956,889,834,893,802,828,894,818,920,988,915,937,"1,001",916,901,970,"1,023","1,059","1,136","1,225","1,248","1,185","1,264","1,343","1,293","1,291","1,251","1,254","1,246","1,227","1,190","1,123","1,114","1,054","1,072","1,036",999,966,971,949,"1,058","1,010","1,035","1,052","1,125",852,829,881,825,820,781,769,842,770,730,694,694,636,631,612,604,584,540,493,482,456,465,409,372,328,357,314,195,157,147,575
S12000015,Fife,"185,001","1,947","1,900","1,871","1,818","1,768","1,879","1,742","1,930","2,066","2,028","2,024","2,142","2,163","2,149","2,193","2,189","2,138","2,223","2,308","2,504","2,535","2,499","2,379","2,308","2,161","2,211","2,085","2,007","1,842","1,835","2,054","2,078","2,067","2,285","2,505","2,696","2,638","2,812","2,863","2,780","2,853","2,886","2,876","2,884","2,844","2,695","2,639","2,689","2,676","2,470","2,505","2,392","2,373","2,309","2,279","2,387","2,417","2,542","2,697","2,895","2,243","2,154","2,279","2,112","1,946","1,768","1,885","1,831","1,744","1,817","1,808","1,689","1,594","1,515","1,469","1,491","1,522","1,326","1,258","1,216","1,292","1,147","1,091","1,001",929,889,858,580,442,403,"1,772"
S12000046,Glasgow City,"298,106","3,207","3,124","2,910","2,816","2,731","2,779","2,750","2,814","2,917","3,037","2,898","2,933","2,975","3,275","3,424","3,363","3,352","3,757","4,399","5,175","5,415","5,445","5,092","5,221","5,158","5,384","5,117","4,739","4,305","4,060","4,243","4,126","3,962","4,182","4,363","4,542","4,414","4,521","4,619","4,356","4,603","4,608","4,759","4,559","4,537","4,473","4,139","4,183","3,988","3,795","3,820","3,410","3,336","3,121","2,982","2,895","2,955","2,931","3,057","3,218","2,617","2,525","2,552","2,628","2,413","2,498","2,557","2,645","2,644","2,597","2,586","2,784","2,527","2,445","2,624","2,430","2,281","2,188","2,006","1,897","1,867","1,701","1,575","1,452","1,428","1,377","1,327",834,673,612,"2,547"
S12000017,Highland,"113,112","1,100","1,091","1,134","1,128","1,107","1,146","1,116","1,210","1,264","1,232","1,322","1,310","1,434","1,453","1,382","1,399","1,302","1,281","1,098","1,016",988,"1,029","1,006","1,015","1,140","1,203","1,172","1,105","1,079","1,064","1,171","1,201","1,247","1,374","1,498","1,559","1,615","1,637","1,682","1,743","1,775","1,921","1,905","1,764","1,688","1,832","1,681","1,724","1,722","1,654","1,635","1,600","1,593","1,687","1,620","1,633","1,609","1,678","1,755","1,762","1,433","1,342","1,431","1,455","1,318","1,258","1,260","1,174","1,207","1,117","1,113","1,057","1,006",987,"1,011",931,888,906,817,797,755,684,677,600,562,575,508,344,280,234,"1,094"
S12000018,Inverclyde,"43,097",412,427,407,393,373,409,416,451,404,464,496,490,521,490,548,527,547,494,548,498,531,534,489,502,480,482,503,446,398,388,429,485,456,529,534,587,590,625,691,676,699,659,719,717,698,673,706,691,611,640,583,559,561,540,523,588,541,549,588,606,503,458,506,503,433,451,453,451,448,438,445,382,387,407,420,436,388,374,290,300,313,262,235,240,226,232,214,139,118,109,415
S12000019,Midlothian,"41,789",454,412,414,412,394,487,488,538,481,526,471,499,515,485,559,539,499,485,514,447,456,443,429,411,429,433,431,444,396,412,419,463,481,498,581,640,625,656,697,653,677,680,670,755,666,653,653,653,635,633,559,565,558,568,537,573,563,606,603,700,549,475,504,465,417,411,429,404,410,377,409,389,371,317,355,311,311,311,252,217,224,239,211,185,176,173,167,97,90,78,342
S12000020,Moray,"45,680",401,461,444,445,405,482,468,522,533,552,563,555,586,596,611,542,589,562,515,467,451,481,461,460,482,481,475,469,439,457,514,530,545,583,638,707,676,671,660,748,737,741,688,732,686,674,643,639,611,630,626,615,602,606,546,634,631,598,650,750,529,562,548,553,518,482,482,452,477,441,432,496,439,414,414,402,358,335,341,319,304,280,244,229,225,201,210,141,110,96,380
S12000013,Na h-Eileanan Siar,"13,716",132,113,152,136,134,144,124,148,139,164,182,153,186,155,178,162,175,156,150,108,94,106,103,84,108,123,127,134,107,137,157,128,132,157,164,153,187,204,218,185,197,181,201,202,205,187,200,178,182,191,190,200,165,177,207,189,208,204,189,228,186,164,161,183,143,184,182,148,164,153,147,133,145,161,130,117,125,131,118,105,110,104,115,96,115,91,92,61,46,42,184
S12000021,North Ayrshire,"71,976",738,678,700,697,727,706,712,747,772,804,855,866,904,851,873,913,841,857,890,832,829,806,765,787,781,761,747,743,712,676,788,800,791,820,950,"1,047","1,010","1,033","1,068","1,158","1,107","1,137","1,149","1,200","1,075","1,043","1,045","1,082","1,051","1,018","1,008",936,974,"1,002",918,917,940,"1,022","1,078","1,161",855,842,890,882,863,780,817,731,794,713,687,682,680,652,633,624,564,580,525,438,485,398,374,344,359,362,351,213,165,147,648
S12000044,North Lanarkshire,"170,455","1,865","1,897","1,910","1,850","1,871","1,870","1,840","1,944","2,021","2,068","1,981","1,949","1,995","2,039","2,184","2,148","2,043","2,105","2,086","2,134","2,160","2,228","2,097","2,106","2,156","2,194","2,238","2,060","2,014","1,869","2,163","2,102","2,188","2,291","2,636","2,587","2,730","2,771","2,818","2,736","2,748","2,882","2,699","2,783","2,677","2,572","2,530","2,475","2,507","2,350","2,309","2,234","2,212","2,174","2,063","2,019","2,077","2,108","2,230","2,261","1,810","1,776","1,863","1,875","1,644","1,576","1,657","1,679","1,661","1,584","1,571","1,462","1,389","1,354","1,246","1,242","1,235","1,119",974,941,921,796,809,660,625,626,534,368,291,265,"1,048"
S12000023,Orkney Islands,"10,327",99,103,82,97,98,90,105,100,93,114,110,141,156,147,150,146,137,131,116,102,82,98,77,84,84,97,86,107,90,91,89,117,115,115,127,158,149,129,153,161,175,172,158,157,139,154,149,148,132,173,161,141,127,160,151,161,137,141,162,159,136,134,147,151,157,109,141,103,117,109,93,91,91,80,86,87,89,75,71,62,68,67,51,45,59,57,54,41,29,26,118
S12000024,Perth and Kinross,"72,177",653,693,664,661,656,778,739,747,784,861,822,812,854,906,843,866,694,743,657,634,628,704,720,676,723,697,679,633,628,643,656,688,827,832,945,"1,016",958,"1,032","1,133","1,103","1,081","1,185","1,139","1,160","1,104","1,101",959,"1,079","1,043","1,051","1,015",994,992,"1,045",986,"1,003","1,012","1,046","1,080","1,205",927,942,862,929,908,779,802,853,756,793,764,755,683,629,692,687,646,641,557,612,528,520,519,452,435,404,403,238,213,177,803
S12000038,Renfrewshire,"89,416",917,931,927,865,887,936,921,923,950,971,968,967,"1,018","1,037","1,152","1,077","1,068","1,007","1,044","1,070",996,"1,021","1,000","1,059","1,041","1,115","1,054",961,954,909,872,"1,015","1,083","1,118","1,273","1,317","1,405","1,402","1,453","1,514","1,513","1,498","1,520","1,434","1,509","1,547","1,348","1,352","1,369","1,239","1,227","1,178","1,201","1,102","1,060","1,217","1,117","1,202","1,160","1,324","1,014","1,004","1,051",944,945,899,875,943,897,921,862,851,813,731,770,760,720,640,572,554,559,505,436,435,396,357,366,222,179,170,710
S12000026,Scottish Borders,"57,185",518,541,548,535,588,540,634,571,633,639,665,668,662,716,676,674,679,560,532,553,504,531,509,520,447,464,462,485,416,454,514,577,592,652,769,785,786,835,853,914,899,902,931,948,846,869,882,924,861,832,808,761,772,793,742,792,797,855,900,"1,030",752,715,769,768,655,662,647,705,635,639,567,599,589,569,536,528,510,460,442,431,450,401,389,339,333,334,319,195,158,148,596
S12000027,Shetland Islands,"11,065",135,98,114,125,111,126,140,140,141,150,147,148,141,160,160,175,171,158,114,101,91,99,91,96,109,117,117,128,104,156,109,139,143,142,162,161,156,165,176,148,175,155,196,174,182,157,158,146,163,149,150,173,140,160,134,150,147,144,128,142,116,148,119,138,138,105,108,90,100,96,81,97,80,86,79,60,70,79,84,70,55,69,59,60,70,57,54,25,31,32,122
S12000028,South Ayrshire,"58,817",477,543,508,489,500,508,504,564,635,643,638,632,696,663,678,651,711,658,628,622,599,594,617,508,591,578,527,533,529,527,513,593,561,645,749,747,804,741,842,826,860,913,922,924,913,893,854,888,916,864,811,811,829,809,806,801,807,849,864,979,794,788,769,765,746,655,692,644,684,664,670,625,607,609,592,588,566,509,475,462,501,468,394,358,364,337,345,195,177,195,694
S12000029,South Lanarkshire,"160,885","1,732","1,628","1,648","1,611","1,591","1,646","1,698","1,772","1,680","1,849","1,749","1,786","1,976","1,937","2,031","1,942","1,855","1,784","1,768","1,752","1,828","1,852","1,868","1,773","1,846","1,958","1,834","1,753","1,787","1,637","1,817","1,925","1,940","2,162","2,256","2,406","2,390","2,508","2,547","2,605","2,527","2,614","2,815","2,627","2,568","2,510","2,516","2,528","2,340","2,426","2,330","2,273","2,223","2,086","2,070","1,963","1,991","2,075","2,181","2,333","1,802","1,704","1,836","1,799","1,696","1,616","1,653","1,596","1,588","1,560","1,560","1,437","1,426","1,393","1,347","1,324","1,262","1,247","1,112","1,029","1,009",891,863,759,701,659,661,421,336,288,"1,187"
S12000030,Stirling,"45,888",442,447,455,450,410,502,510,518,524,543,527,526,486,487,576,550,532,615,851,774,728,719,583,549,552,521,505,455,470,445,440,482,461,583,604,660,722,688,708,690,733,763,742,753,688,710,651,608,616,591,563,553,620,565,556,582,562,570,631,710,511,506,538,506,511,454,451,465,433,451,442,392,386,359,397,345,338,326,319,265,287,304,236,217,223,214,201,137,96,100,421
S12000039,West Dunbartonshire,"48,126",505,460,463,446,475,440,505,494,500,516,483,542,533,602,597,583,599,603,614,554,647,618,610,621,614,659,585,529,511,514,546,547,539,575,615,678,705,767,756,780,793,758,798,800,722,757,698,733,754,680,683,671,655,574,594,609,567,585,683,659,503,484,513,540,474,449,462,481,450,459,435,428,403,449,441,411,408,359,312,362,333,282,259,242,227,231,215,161,117,107,426
S12000040,West Lothian,"86,114","1,028","1,008","1,051","1,004","1,063",999,"1,029","1,069","1,115","1,145","1,096","1,041","1,124","1,089","1,100","1,134","1,068","1,051",959,"1,017","1,016","1,000",874,"1,015","1,050","1,063","1,037","1,002",997,961,"1,100","1,185","1,224","1,323","1,420","1,479","1,488","1,525","1,567","1,592","1,481","1,577","1,459","1,450","1,439","1,367","1,302","1,341","1,290","1,137","1,123","1,054","1,103","1,085","1,053","1,062","1,028","1,090","1,142","1,189",954,917,896,912,831,787,759,774,721,649,667,620,578,517,581,528,491,435,410,366,364,324,337,278,252,249,222,151,119,105,440
,,,,,,,,,,,,,,,,,,,,,,,,,,,,,,,,,,,,,,,,,,,,,,,,,,,,,,,,,,,,,,,,,,,,,,,,,,,,,,,,,,,,,,,,,,,,,
 Crown Copyright 2021,,,,,,,,,,,,,,,,,,,,,,,,,,,,,,,,,,,,,,,,,,,,,,,,,,,,,,,,,,,,,,,,,,,,,,,,,,,,,,,,,,,,,,,,,,,,,
,,,,,,,,,,,,,,,,,,,,,,,,,,,,,,,,,,,,,,,,,,,,,,,,,,,,,,,,,,,,,,,,,,,,,,,,,,,,,,,,,,,,,,,,,,,,,
,,,,,,,,,,,,,,,,,,,,,,,,,,,,,,,,,,,,,,,,,,,,,,,,,,,,,,,,,,,,,,,,,,,,,,,,,,,,,,,,,,,,,,,,,,,,,
,,,,,,,,,,,,,,,,,,,,,,,,,,,,,,,,,,,,,,,,,,,,,,,,,,,,,,,,,,,,,,,,,,,,,,,,,,,,,,,,,,,,,,,,,,,,,
,,,,,,,,,,,,,,,,,,,,,,,,,,,,,,,,,,,,,,,,,,,,,,,,,,,,,,,,,,,,,,,,,,,,,,,,,,,,,,,,,,,,,,,,,,,,,
,,,,,,,,,,,,,,,,,,,,,,,,,,,,,,,,,,,,,,,,,,,,,,,,,,,,,,,,,,,,,,,,,,,,,,,,,,,,,,,,,,,,,,,,,,,,,
,,,,,,,,,,,,,,,,,,,,,,,,,,,,,,,,,,,,,,,,,,,,,,,,,,,,,,,,,,,,,,,,,,,,,,,,,,,,,,,,,,,,,,,,,,,,,
,,,,,,,,,,,,,,,,,,,,,,,,,,,,,,,,,,,,,,,,,,,,,,,,,,,,,,,,,,,,,,,,,,,,,,,,,,,,,,,,,,,,,,,,,,,,,
,,,,,,,,,,,,,,,,,,,,,,,,,,,,,,,,,,,,,,,,,,,,,,,,,,,,,,,,,,,,,,,,,,,,,,,,,,,,,,,,,,,,,,,,,,,,,
,,,,,,,,,,,,,,,,,,,,,,,,,,,,,,,,,,,,,,,,,,,,,,,,,,,,,,,,,,,,,,,,,,,,,,,,,,,,,,,,,,,,,,,,,,,,,
,,,,,,,,,,,,,,,,,,,,,,,,,,,,,,,,,,,,,,,,,,,,,,,,,,,,,,,,,,,,,,,,,,,,,,,,,,,,,,,,,,,,,,,,,,,,,
,,,,,,,,,,,,,,,,,,,,,,,,,,,,,,,,,,,,,,,,,,,,,,,,,,,,,,,,,,,,,,,,,,,,,,,,,,,,,,,,,,,,,,,,,,,,,
,,,,,,,,,,,,,,,,,,,,,,,,,,,,,,,,,,,,,,,,,,,,,,,,,,,,,,,,,,,,,,,,,,,,,,,,,,,,,,,,,,,,,,,,,,,,,
,,,,,,,,,,,,,,,,,,,,,,,,,,,,,,,,,,,,,,,,,,,,,,,,,,,,,,,,,,,,,,,,,,,,,,,,,,,,,,,,,,,,,,,,,,,,,
,,,,,,,,,,,,,,,,,,,,,,,,,,,,,,,,,,,,,,,,,,,,,,,,,,,,,,,,,,,,,,,,,,,,,,,,,,,,,,,,,,,,,,,,,,,,,
,,,,,,,,,,,,,,,,,,,,,,,,,,,,,,,,,,,,,,,,,,,,,,,,,,,,,,,,,,,,,,,,,,,,,,,,,,,,,,,,,,,,,,,,,,,,,
,,,,,,,,,,,,,,,,,,,,,,,,,,,,,,,,,,,,,,,,,,,,,,,,,,,,,,,,,,,,,,,,,,,,,,,,,,,,,,,,,,,,,,,,,,,,,
